tool,accession,organism,TP,FP,TN,FN
sigi_hmm,NC_009665.1,"Shewanella baltica OS185, complete genome.",62921.0,0.0,80894.0,202193.0
sigi_hmm,NC_007606.1,"Shigella dysenteriae Sd197, complete genome.",2483.0,2421.0,412397.0,28190.0
sigi_hmm,NC_006350.1,"Burkholderia pseudomallei K96243 chromosome 1, complete sequence.",41108.0,2990.0,828000.0,21741.0
sigi_hmm,NC_004431.1,"Escherichia coli CFT073, complete genome.",157515.0,9281.0,513963.0,166201.0
sigi_hmm,NC_003485.1,"Streptococcus pyogenes MGAS8232, complete genome.",0.0,0.0,165214.0,11952.0
sigi_hmm,NC_008543.1,"Burkholderia cenocepacia HI2424 chromosome 2, complete sequence.",1967.0,3556.0,442334.0,9128.0
sigi_hmm,NC_003997.3,"Bacillus anthracis str. Ames, complete genome.",3964.0,363.0,1490579.0,33385.0
sigi_hmm,NC_010334.1,"Shewanella halifaxensis HAW-EB4, complete genome.",4446.0,0.0,165977.0,44505.0
sigi_hmm,NC_004722.1,"Bacillus cereus ATCC 14579, complete genome.",0.0,216.0,625236.0,56962.0
sigi_hmm,NC_004606.1,"Streptococcus pyogenes SSI-1, complete genome.",4595.0,0.0,132393.0,18374.0
sigi_hmm,NC_010322.1,"Pseudomonas putida GB-1, complete genome.",141383.0,3326.0,216491.0,108727.0
sigi_hmm,NC_007384.1,"Shigella sonnei Ss046, complete genome.",7914.0,1166.0,525504.0,34477.0
sigi_hmm,NC_008819.1,"Prochlorococcus marinus str. NATL1A, complete genome.",5089.0,0.0,303017.0,13912.0
sigi_hmm,NC_004631.1,"Salmonella enterica subsp. enterica serovar Typhi Ty2, complete genome.",94006.0,533.0,533553.0,79178.0
sigi_hmm,NC_002655.2,"Escherichia coli O157:H7 EDL933, complete genome.",89573.0,3443.0,505210.0,208111.0
sigi_hmm,NC_009801.1,"Escherichia coli E24377A, complete genome.",59125.0,16300.0,504630.0,70992.0
sigi_hmm,NC_002758.2,"Staphylococcus aureus subsp. aureus Mu50, complete genome.",18724.0,0.0,242694.0,9585.0
sigi_hmm,NC_008258.1,"Shigella flexneri 5 str. 8401, complete genome.",4131.0,6341.0,548336.0,48255.0
sigi_hmm,NC_009997.1,"Shewanella baltica OS195, complete genome.",41653.0,0.0,105874.0,189510.0
sigi_hmm,NC_005945.1,"Bacillus anthracis str. Sterne, complete genome.",3964.0,0.0,1490934.0,33385.0
sigi_hmm,NC_004459.2,"Vibrio vulnificus CMCP6 chromosome I, complete sequence.",17786.0,0.0,114586.0,36653.0
sigi_hmm,NC_009074.1,"Burkholderia pseudomallei 668 chromosome I, complete sequence.",20755.0,7310.0,785882.0,25598.0
sigi_hmm,NC_007946.1,"Escherichia coli UTI89, complete genome.",90379.0,19379.0,538796.0,108795.0
sigi_hmm,NC_004578.1,"Pseudomonas syringae pv. tomato str. DC3000, complete genome.",145663.0,0.0,458579.0,260625.0
sigi_hmm,NC_007146.2,"Haemophilus influenzae 86-028NP, complete genome.",3314.0,0.0,8599.0,67235.0
sigi_hmm,NC_007530.2,"Bacillus anthracis str. 'Ames Ancestor', complete genome.",3964.0,363.0,1490701.0,33385.0
sigi_hmm,NC_003909.8,"Bacillus cereus ATCC 10987, complete genome.",42987.0,3911.0,1479289.0,60523.0
sigi_hmm,NC_008577.1,"Shewanella sp. ANA-3 chromosome 1, complete sequence.",83563.0,897.0,96097.0,17615.0
sigi_hmm,NC_007613.1,"Shigella boydii Sb227, complete genome.",6179.0,1322.0,426827.0,28346.0
sigi_hmm,NC_010167.1,"Brucella suis ATCC 23445 chromosome II, complete sequence.",8053.0,848.0,186401.0,149814.0
sigi_hmm,NC_008390.1,"Burkholderia cepacia AMMD chromosome 1, complete sequence.",9121.0,2783.0,704903.0,794.0
sigi_hmm,NC_009901.1,"Shewanella pealeana ATCC 700345, complete genome.",6873.0,0.0,218152.0,61090.0
sigi_hmm,NC_010159.1,"Yersinia pestis Angola, complete genome.",13971.0,1166.0,751568.0,4644.0
sigi_hmm,NC_009900.1,"Rickettsia massiliae MTU5, complete genome.",0.0,0.0,20813.0,15317.0
sigi_hmm,NC_008750.1,"Shewanella sp. W3-18-1, complete genome.",64562.0,661.0,100750.0,171496.0
sigi_hmm,NC_007432.1,"Streptococcus agalactiae A909, complete genome.",17167.0,552.0,199723.0,30403.0
sigi_hmm,NC_003923.1,"Staphylococcus aureus subsp. aureus MW2, complete genome.",0.0,0.0,272372.0,20097.0
sigi_hmm,NC_005071.1,"Prochlorococcus marinus str. MIT 9313, complete genome.",27280.0,7553.0,193655.0,20274.0
sigi_hmm,NC_008600.1,"Bacillus thuringiensis str. Al Hakam, complete genome.",2182.0,245.0,1451528.0,19983.0
sigi_hmm,NC_008463.1,"Pseudomonas aeruginosa UCBPP-PA14, complete genome.",6495.0,0.0,190511.0,133332.0
sigi_hmm,NC_010551.1,"Burkholderia ambifaria MC40-6 chromosome 1, complete sequence.",10091.0,12222.0,794119.0,3547.0
sigi_hmm,NC_003197.1,"Salmonella typhimurium LT2, complete genome.",19394.0,502.0,509686.0,61563.0
sigi_hmm,NC_008321.1,"Shewanella sp. MR-4, complete genome.",54226.0,0.0,61470.0,95524.0
sigi_hmm,NC_006511.1,"Salmonella enterica subsp. enterica serovar Paratyphi A str. ATCC 9150, complete genome.",0.0,6530.0,516573.0,10786.0
sigi_hmm,NC_008563.1,"Escherichia coli APEC O1, complete genome.",46476.0,10218.0,577576.0,63217.0
sigi_hmm,NC_008024.1,"Streptococcus pyogenes MGAS10750, complete genome.",42481.0,0.0,185111.0,6386.0
sigi_hmm,NC_010410.1,"Acinetobacter baumannii AYE, complete genome.",0.0,0.0,988271.0,110619.0
sigi_hmm,NC_004070.1,"Streptococcus pyogenes MGAS315, complete genome.",4913.0,0.0,195423.0,5738.0
sigi_hmm,NC_005139.1,"Vibrio vulnificus YJ016 chromosome I, complete sequence.",6364.0,0.0,138630.0,29431.0
sigi_hmm,NC_009783.1,"Vibrio harveyi ATCC BAA-1116 chromosome I, complete sequence.",36527.0,0.0,144479.0,163448.0
sigi_hmm,NC_009080.1,"Burkholderia mallei NCTC 10247 chromosome I, complete sequence.",4479.0,5312.0,687292.0,27618.0
sigi_hmm,NC_008022.1,"Streptococcus pyogenes MGAS10270, complete genome.",0.0,0.0,184883.0,14575.0
sigi_hmm,NC_008253.1,"Escherichia coli 536, complete genome.",71859.0,9809.0,569402.0,19588.0
sigi_hmm,NC_007434.1,"Burkholderia pseudomallei 1710b chromosome I, complete sequence.",73166.0,34088.0,671361.0,149592.0
sigi_hmm,NC_006905.1,"Salmonella enterica subsp. enterica serovar Choleraesuis str. SC-B67, complete genome.",3288.0,1948.0,564911.0,35697.0
sigi_hmm,NC_010102.1,"Salmonella enterica subsp. enterica serovar Paratyphi B str. SPB7, complete genome.",19664.0,5002.0,515111.0,9231.0
sigi_hmm,NC_007510.1,"Burkholderia sp. 383 chromosome 1, complete sequence.",73862.0,1647.0,832406.0,27385.0
sigi_hmm,NC_009256.1,"Burkholderia vietnamiensis G4 chromosome 1, complete sequence.",175842.0,1590.0,629244.0,152832.0
sigi_hmm,NC_008023.1,"Streptococcus pyogenes MGAS2096, complete genome.",51215.0,0.0,184931.0,5888.0
sigi_hmm,NC_008322.1,"Shewanella sp. MR-7, complete genome.",46554.0,0.0,80664.0,95883.0
sigi_hmm,NC_004337.1,"Shigella flexneri 2a str. 301, complete genome.",4109.0,422.0,476258.0,31866.0
sigi_hmm,NC_009085.1,"Acinetobacter baumannii ATCC 17978, complete genome.",33771.0,317.0,979292.0,118991.0
sigi_hmm,NC_007778.1,"Rhodopseudomonas palustris HaA2, complete genome.",85162.0,566.0,89547.0,202798.0
sigi_hmm,NC_009800.1,"Escherichia coli HS, complete genome.",3234.0,9071.0,576073.0,32955.0
sigi_hmm,NC_004347.1,"Shewanella oneidensis MR-1, complete genome.",3069.0,0.0,89554.0,49462.0
sigi_hmm,NC_009076.1,"Burkholderia pseudomallei 1106a chromosome I, complete sequence.",17506.0,7673.0,760295.0,3232.0
sigi_hmm,NC_004603.1,"Vibrio parahaemolyticus RIMD 2210633 chromosome I, complete sequence.",14838.0,462.0,137302.0,106728.0
sigi_hmm,NC_010380.1,"Streptococcus pneumoniae Hungary19A-6, complete genome.",0.0,0.0,41256.0,78477.0
sigi_hmm,NC_010501.1,"Pseudomonas putida W619, complete genome.",186481.0,3136.0,101611.0,84225.0
sigi_hmm,NC_008061.1,"Burkholderia cenocepacia AU 1054 chromosome 2, complete sequence.",282.0,2734.0,428339.0,13592.0
sigi_hmm,NC_002516.2,"Pseudomonas aeruginosa PAO1, complete genome.",4360.0,1125.0,209569.0,68470.0
sigi_hmm,NC_010184.1,"Bacillus weihenstephanensis KBAB4, complete genome.",0.0,1514.0,1499031.0,28359.0
sigi_hmm,NC_002947.3,"Pseudomonas putida KT2440, complete genome.",171769.0,2776.0,251914.0,151066.0
sigi_hmm,NC_010612.1,"Mycobacterium marinum M, complete genome.",0.0,0.0,744467.0,287961.0
sigi_hmm,NC_010582.1,"Streptococcus pneumoniae CGSP14, complete genome.",0.0,0.0,41173.0,30634.0
sigi_hmm,NC_000907.1,"Haemophilus influenzae Rd KW20, complete genome.",4521.0,0.0,8597.0,4084.0
sigi_hmm,NC_010498.1,"Escherichia coli SECEC SMS-3-5, complete genome.",31308.0,7366.0,575830.0,44769.0
sigi_hmm,NC_007335.2,"Prochlorococcus marinus str. NATL2A, complete genome.",0.0,5836.0,281209.0,18182.0
sigi_hmm,NC_004741.1,"Shigella flexneri 2a str. 2457T, complete genome.",6066.0,396.0,466321.0,46229.0
sigi_hmm,NC_009485.1,"Bradyrhizobium sp. BTAi1, complete genome.",0.0,0.0,390127.0,856922.0
sigi_hmm,NC_009708.1,"Yersinia pseudotuberculosis IP 31758, complete genome.",17498.0,1814.0,138241.0,103678.0
sigi_hmm,NC_009052.1,"Shewanella baltica OS155, complete genome.",21331.0,0.0,75464.0,69309.0
sigi_hmm,NC_009567.1,"Haemophilus influenzae PittGG, complete genome.",6289.0,0.0,8553.0,13503.0
sigi_hmm,NC_006086.1,"Streptococcus pyogenes MGAS10394, complete genome.",9628.0,0.0,124958.0,48736.0
sigi_hmm,NC_010473.1,"Escherichia coli str. K-12 substr. DH10B, complete genome.",24447.0,12557.0,508782.0,8655.0
sigi_hmm,NC_003047.1,"Sinorhizobium meliloti 1021, complete genome.",76287.0,5638.0,647438.0,46590.0
sigi_hmm,NC_002695.1,"Escherichia coli O157:H7 str. Sakai, complete genome.",130352.0,2462.0,511913.0,243446.0
sigi_hmm,NC_010515.1,"Burkholderia cenocepacia MC0-3 chromosome 2, complete sequence.",81052.0,0.0,431395.0,58496.0
sigi_hmm,NC_007958.1,"Rhodopseudomonas palustris BisB5, complete genome.",71929.0,0.0,12807.0,76916.0
sigi_hmm,NC_009632.1,"Staphylococcus aureus subsp. aureus JH1, complete genome.",0.0,0.0,252303.0,16631.0
sigi_hmm,NC_004088.1,"Yersinia pestis KIM, complete genome.",3984.0,1223.0,886900.0,4509.0
sigi_hmm,NC_007297.1,"Streptococcus pyogenes MGAS5005, complete genome.",8276.0,0.0,186832.0,3512.0
sigi_hmm,NC_003198.1,"Salmonella enterica subsp. enterica serovar Typhi str. CT18, complete genome.",71265.0,328.0,548432.0,81509.0
sigi_hmm,NC_007005.1,"Pseudomonas syringae pv. syringae B728a, complete genome.",67800.0,900.0,494596.0,35255.0
sigi_hmm,NC_010400.1,"Acinetobacter baumannii, complete genome.",3487.0,1793.0,995018.0,41489.0
sigi_hmm,NC_009445.1,"Bradyrhizobium sp. ORS278, complete genome.",145090.0,408.0,60716.0,281403.0
sigi_hmm,NC_009504.1,"Brucella ovis ATCC 25840 chromosome II, complete sequence.",7847.0,0.0,186362.0,4886.0
sigi_hmm,NC_009879.1,"Rickettsia canadensis str. McKiel, complete genome.",0.0,0.0,26601.0,22618.0
sigi_hmm,NC_004116.1,"Streptococcus agalactiae 2603V/R, complete genome.",5505.0,549.0,199967.0,3700.0
sigi_hmm,NC_006155.1,"Yersinia pseudotuberculosis IP 32953, complete genome.",37257.0,3544.0,233223.0,132795.0
sigi_hmm,NC_007651.1,"Burkholderia thailandensis E264 chromosome I, complete sequence.",31119.0,7.0,764739.0,16981.0
sigi_hmm,NC_009512.1,"Pseudomonas putida F1, complete genome.",87410.0,1977.0,238483.0,112471.0
sigi_hmm,NC_008595.1,"Mycobacterium avium 104, complete genome.",69731.0,689.0,218384.0,15617.0
sigi_hmm,NC_009342.1,"Corynebacterium glutamicum R, complete genome.",26215.0,49877.0,1323159.0,87023.0
sigi_hmm,NC_007761.1,"Rhizobium etli CFN 42, complete genome.",108039.0,3702.0,624275.0,46141.0
sigi_hmm,NC_007793.1,"Staphylococcus aureus subsp. aureus USA300, complete genome.",0.0,0.0,288877.0,20096.0
sigi_hmm,NC_009487.1,"Staphylococcus aureus subsp. aureus JH9, complete genome.",0.0,0.0,240755.0,16631.0
sigi_hmm,NC_009438.1,"Shewanella putrefaciens CN-32, complete genome.",64647.0,661.0,88126.0,115962.0
sigi_hmm,NC_008060.1,"Burkholderia cenocepacia AU 1054 chromosome 1, complete sequence.",36586.0,6016.0,684105.0,169954.0
sigi_hmm,NC_010084.1,"Burkholderia multivorans ATCC 17616 chromosome 1, complete sequence.",34105.0,9464.0,782025.0,9811.0
sigi_hmm,NC_009782.1,"Staphylococcus aureus subsp. aureus Mu3, complete genome.",18725.0,0.0,242695.0,9585.0
sigi_hmm,NC_002944.2,"Mycobacterium avium subsp. paratuberculosis K-10, complete genome.",29207.0,0.0,19888.0,16838.0
sigi_hmm,NC_004368.1,"Streptococcus agalactiae NEM316, complete genome.",19589.0,549.0,196569.0,50994.0
sigi_hmm,NC_000913.2,"Escherichia coli str. K-12 substr. MG1655, complete genome.",16553.0,3836.0,235044.0,26158.0
sigi_hmm,NC_010465.1,"Yersinia pseudotuberculosis YPIII, complete genome.",30202.0,0.0,120815.0,144158.0
sigi_hmm,NC_008611.1,"Mycobacterium ulcerans Agy99, complete genome.",1419.0,0.0,285355.0,6742.0
sigi_hmm,AC_000091.1,"Escherichia coli W3110 DNA, complete genome.",7205.0,1079.0,250881.0,15092.0
sigi_hmm,NC_005773.3,"Pseudomonas syringae pv. phaseolicola 1448A, complete genome.",87254.0,1245.0,462114.0,117091.0
centroid,NC_009665.1,"Shewanella baltica OS185, complete genome.",63091.0,0.0,80894.0,202023.0
centroid,NC_007606.1,"Shigella dysenteriae Sd197, complete genome.",12342.0,22715.0,392103.0,18331.0
centroid,NC_006350.1,"Burkholderia pseudomallei K96243 chromosome 1, complete sequence.",26596.0,16095.0,814895.0,36253.0
centroid,NC_004431.1,"Escherichia coli CFT073, complete genome.",101081.0,0.0,523244.0,222635.0
centroid,NC_003485.1,"Streptococcus pyogenes MGAS8232, complete genome.",0.0,0.0,165214.0,11952.0
centroid,NC_008543.1,"Burkholderia cenocepacia HI2424 chromosome 2, complete sequence.",1015.0,11702.0,434188.0,10080.0
centroid,NC_003997.3,"Bacillus anthracis str. Ames, complete genome.",0.0,132250.0,1358692.0,37349.0
centroid,NC_010334.1,"Shewanella halifaxensis HAW-EB4, complete genome.",0.0,20000.0,145977.0,48951.0
centroid,NC_004722.1,"Bacillus cereus ATCC 14579, complete genome.",0.0,87441.0,538011.0,56962.0
centroid,NC_004606.1,"Streptococcus pyogenes SSI-1, complete genome.",0.0,0.0,132393.0,22969.0
centroid,NC_010322.1,"Pseudomonas putida GB-1, complete genome.",135846.0,947.0,218870.0,114264.0
centroid,NC_007384.1,"Shigella sonnei Ss046, complete genome.",23122.0,10954.0,515716.0,19269.0
centroid,NC_008819.1,"Prochlorococcus marinus str. NATL1A, complete genome.",3520.0,11757.0,291260.0,15481.0
centroid,NC_004631.1,"Salmonella enterica subsp. enterica serovar Typhi Ty2, complete genome.",31681.0,144.0,533942.0,141503.0
centroid,NC_002655.2,"Escherichia coli O157:H7 EDL933, complete genome.",44517.0,0.0,508653.0,253167.0
centroid,NC_009801.1,"Escherichia coli E24377A, complete genome.",21048.0,6991.0,513939.0,109069.0
centroid,NC_002758.2,"Staphylococcus aureus subsp. aureus Mu50, complete genome.",0.0,0.0,242694.0,28309.0
centroid,NC_008258.1,"Shigella flexneri 5 str. 8401, complete genome.",0.0,20135.0,534542.0,52386.0
centroid,NC_009997.1,"Shewanella baltica OS195, complete genome.",42000.0,0.0,105874.0,189163.0
centroid,NC_005945.1,"Bacillus anthracis str. Sterne, complete genome.",0.0,130385.0,1360549.0,37349.0
centroid,NC_004459.2,"Vibrio vulnificus CMCP6 chromosome I, complete sequence.",12103.0,19707.0,94879.0,42336.0
centroid,NC_009074.1,"Burkholderia pseudomallei 668 chromosome I, complete sequence.",22419.0,18487.0,774705.0,23934.0
centroid,NC_007946.1,"Escherichia coli UTI89, complete genome.",74876.0,0.0,558175.0,124298.0
centroid,NC_004578.1,"Pseudomonas syringae pv. tomato str. DC3000, complete genome.",134603.0,1241.0,457338.0,271685.0
centroid,NC_007146.2,"Haemophilus influenzae 86-028NP, complete genome.",10000.0,3782.0,4817.0,60549.0
centroid,NC_007530.2,"Bacillus anthracis str. 'Ames Ancestor', complete genome.",0.0,132250.0,1358814.0,37349.0
centroid,NC_003909.8,"Bacillus cereus ATCC 10987, complete genome.",34000.0,112292.0,1370908.0,69510.0
centroid,NC_008577.1,"Shewanella sp. ANA-3 chromosome 1, complete sequence.",31371.0,16000.0,80994.0,69807.0
centroid,NC_007613.1,"Shigella boydii Sb227, complete genome.",9853.0,21669.0,406480.0,24672.0
centroid,NC_010167.1,"Brucella suis ATCC 23445 chromosome II, complete sequence.",15110.0,2598.0,184651.0,142757.0
centroid,NC_008390.1,"Burkholderia cepacia AMMD chromosome 1, complete sequence.",9915.0,10323.0,697363.0,0.0
centroid,NC_009901.1,"Shewanella pealeana ATCC 700345, complete genome.",10000.0,20000.0,198152.0,57963.0
centroid,NC_010159.1,"Yersinia pestis Angola, complete genome.",10118.0,10000.0,742734.0,8497.0
centroid,NC_009900.1,"Rickettsia massiliae MTU5, complete genome.",0.0,0.0,20813.0,15317.0
centroid,NC_008750.1,"Shewanella sp. W3-18-1, complete genome.",64288.0,31897.0,69514.0,171770.0
centroid,NC_007432.1,"Streptococcus agalactiae A909, complete genome.",0.0,0.0,200275.0,47570.0
centroid,NC_003923.1,"Staphylococcus aureus subsp. aureus MW2, complete genome.",0.0,0.0,272372.0,20097.0
centroid,NC_005071.1,"Prochlorococcus marinus str. MIT 9313, complete genome.",21896.0,0.0,201208.0,25658.0
centroid,NC_008600.1,"Bacillus thuringiensis str. Al Hakam, complete genome.",11148.0,95555.0,1356218.0,11017.0
centroid,NC_008463.1,"Pseudomonas aeruginosa UCBPP-PA14, complete genome.",40092.0,29505.0,161006.0,99735.0
centroid,NC_010551.1,"Burkholderia ambifaria MC40-6 chromosome 1, complete sequence.",13271.0,35688.0,770653.0,367.0
centroid,NC_003197.1,"Salmonella typhimurium LT2, complete genome.",0.0,11835.0,498353.0,80957.0
centroid,NC_008321.1,"Shewanella sp. MR-4, complete genome.",31256.0,25626.0,35844.0,118494.0
centroid,NC_006511.1,"Salmonella enterica subsp. enterica serovar Paratyphi A str. ATCC 9150, complete genome.",0.0,9066.0,514037.0,10786.0
centroid,NC_008563.1,"Escherichia coli APEC O1, complete genome.",50707.0,9350.0,578444.0,58986.0
centroid,NC_008024.1,"Streptococcus pyogenes MGAS10750, complete genome.",0.0,0.0,185111.0,48867.0
centroid,NC_010410.1,"Acinetobacter baumannii AYE, complete genome.",69236.0,0.0,988271.0,41383.0
centroid,NC_004070.1,"Streptococcus pyogenes MGAS315, complete genome.",0.0,0.0,195423.0,10651.0
centroid,NC_005139.1,"Vibrio vulnificus YJ016 chromosome I, complete sequence.",3865.0,22000.0,116630.0,31930.0
centroid,NC_009783.1,"Vibrio harveyi ATCC BAA-1116 chromosome I, complete sequence.",9811.0,28067.0,116412.0,190164.0
centroid,NC_009080.1,"Burkholderia mallei NCTC 10247 chromosome I, complete sequence.",0.0,34183.0,658421.0,32097.0
centroid,NC_008022.1,"Streptococcus pyogenes MGAS10270, complete genome.",0.0,0.0,184883.0,14575.0
centroid,NC_008253.1,"Escherichia coli 536, complete genome.",56687.0,0.0,579211.0,34760.0
centroid,NC_007434.1,"Burkholderia pseudomallei 1710b chromosome I, complete sequence.",118927.0,5568.0,699881.0,103831.0
centroid,NC_006905.1,"Salmonella enterica subsp. enterica serovar Choleraesuis str. SC-B67, complete genome.",0.0,0.0,566859.0,38985.0
centroid,NC_010102.1,"Salmonella enterica subsp. enterica serovar Paratyphi B str. SPB7, complete genome.",0.0,1922.0,518191.0,28895.0
centroid,NC_007510.1,"Burkholderia sp. 383 chromosome 1, complete sequence.",45163.0,9756.0,824297.0,56084.0
centroid,NC_009256.1,"Burkholderia vietnamiensis G4 chromosome 1, complete sequence.",45575.0,0.0,630834.0,283099.0
centroid,NC_008023.1,"Streptococcus pyogenes MGAS2096, complete genome.",0.0,0.0,184931.0,57103.0
centroid,NC_008322.1,"Shewanella sp. MR-7, complete genome.",31821.0,29981.0,50683.0,110616.0
centroid,NC_004337.1,"Shigella flexneri 2a str. 301, complete genome.",0.0,9361.0,467319.0,35975.0
centroid,NC_009085.1,"Acinetobacter baumannii ATCC 17978, complete genome.",49953.0,28801.0,950808.0,102809.0
centroid,NC_007778.1,"Rhodopseudomonas palustris HaA2, complete genome.",108788.0,0.0,90113.0,179172.0
centroid,NC_009800.1,"Escherichia coli HS, complete genome.",0.0,17898.0,567246.0,36189.0
centroid,NC_004347.1,"Shewanella oneidensis MR-1, complete genome.",0.0,28000.0,61554.0,52531.0
centroid,NC_009076.1,"Burkholderia pseudomallei 1106a chromosome I, complete sequence.",12348.0,13356.0,754612.0,8390.0
centroid,NC_004603.1,"Vibrio parahaemolyticus RIMD 2210633 chromosome I, complete sequence.",24131.0,23433.0,114331.0,97435.0
centroid,NC_010380.1,"Streptococcus pneumoniae Hungary19A-6, complete genome.",0.0,0.0,41256.0,78477.0
centroid,NC_010501.1,"Pseudomonas putida W619, complete genome.",85199.0,0.0,104747.0,185507.0
centroid,NC_008061.1,"Burkholderia cenocepacia AU 1054 chromosome 2, complete sequence.",788.0,20465.0,410608.0,13086.0
centroid,NC_002516.2,"Pseudomonas aeruginosa PAO1, complete genome.",29697.0,34252.0,176442.0,43133.0
centroid,NC_010184.1,"Bacillus weihenstephanensis KBAB4, complete genome.",0.0,112012.0,1388533.0,28359.0
centroid,NC_002947.3,"Pseudomonas putida KT2440, complete genome.",138194.0,262.0,254428.0,184641.0
centroid,NC_010612.1,"Mycobacterium marinum M, complete genome.",0.0,0.0,744467.0,287961.0
centroid,NC_010582.1,"Streptococcus pneumoniae CGSP14, complete genome.",0.0,0.0,41173.0,30634.0
centroid,NC_000907.1,"Haemophilus influenzae Rd KW20, complete genome.",0.0,3188.0,5409.0,8605.0
centroid,NC_010498.1,"Escherichia coli SECEC SMS-3-5, complete genome.",15603.0,9126.0,574070.0,60474.0
centroid,NC_007335.2,"Prochlorococcus marinus str. NATL2A, complete genome.",17488.0,10785.0,276260.0,694.0
centroid,NC_004741.1,"Shigella flexneri 2a str. 2457T, complete genome.",16345.0,10112.0,456605.0,35950.0
centroid,NC_009485.1,"Bradyrhizobium sp. BTAi1, complete genome.",216769.0,1102.0,389025.0,640153.0
centroid,NC_009708.1,"Yersinia pseudotuberculosis IP 31758, complete genome.",30299.0,0.0,140055.0,90877.0
centroid,NC_009052.1,"Shewanella baltica OS155, complete genome.",29750.0,13650.0,61814.0,60890.0
centroid,NC_009567.1,"Haemophilus influenzae PittGG, complete genome.",10569.0,6015.0,2538.0,9223.0
centroid,NC_006086.1,"Streptococcus pyogenes MGAS10394, complete genome.",0.0,0.0,124958.0,58364.0
centroid,NC_010473.1,"Escherichia coli str. K-12 substr. DH10B, complete genome.",32622.0,21885.0,499454.0,480.0
centroid,NC_003047.1,"Sinorhizobium meliloti 1021, complete genome.",88743.0,14000.0,639076.0,34134.0
centroid,NC_002695.1,"Escherichia coli O157:H7 str. Sakai, complete genome.",40953.0,0.0,514375.0,332845.0
centroid,NC_010515.1,"Burkholderia cenocepacia MC0-3 chromosome 2, complete sequence.",42894.0,20467.0,410928.0,96654.0
centroid,NC_007958.1,"Rhodopseudomonas palustris BisB5, complete genome.",61273.0,0.0,12807.0,87572.0
centroid,NC_009632.1,"Staphylococcus aureus subsp. aureus JH1, complete genome.",0.0,8158.0,244145.0,16631.0
centroid,NC_004088.1,"Yersinia pestis KIM, complete genome.",0.0,10000.0,878123.0,8493.0
centroid,NC_007297.1,"Streptococcus pyogenes MGAS5005, complete genome.",0.0,0.0,186832.0,11788.0
centroid,NC_003198.1,"Salmonella enterica subsp. enterica serovar Typhi str. CT18, complete genome.",8723.0,1268.0,547492.0,144051.0
centroid,NC_007005.1,"Pseudomonas syringae pv. syringae B728a, complete genome.",53574.0,4164.0,491332.0,49481.0
centroid,NC_010400.1,"Acinetobacter baumannii, complete genome.",0.0,29762.0,967049.0,44976.0
centroid,NC_009445.1,"Bradyrhizobium sp. ORS278, complete genome.",108456.0,0.0,61124.0,318037.0
centroid,NC_009504.1,"Brucella ovis ATCC 25840 chromosome II, complete sequence.",0.0,2469.0,183893.0,12733.0
centroid,NC_009879.1,"Rickettsia canadensis str. McKiel, complete genome.",0.0,0.0,26601.0,22618.0
centroid,NC_004116.1,"Streptococcus agalactiae 2603V/R, complete genome.",0.0,0.0,200516.0,9205.0
centroid,NC_006155.1,"Yersinia pseudotuberculosis IP 32953, complete genome.",19513.0,0.0,236767.0,150539.0
centroid,NC_007651.1,"Burkholderia thailandensis E264 chromosome I, complete sequence.",34112.0,12788.0,751958.0,13988.0
centroid,NC_009512.1,"Pseudomonas putida F1, complete genome.",50821.0,21277.0,219183.0,149060.0
centroid,NC_008595.1,"Mycobacterium avium 104, complete genome.",0.0,0.0,219073.0,85348.0
centroid,NC_009342.1,"Corynebacterium glutamicum R, complete genome.",24048.0,10391.0,1362645.0,89190.0
centroid,NC_007761.1,"Rhizobium etli CFN 42, complete genome.",91437.0,17293.0,610684.0,62743.0
centroid,NC_007793.1,"Staphylococcus aureus subsp. aureus USA300, complete genome.",0.0,0.0,288877.0,20096.0
centroid,NC_009487.1,"Staphylococcus aureus subsp. aureus JH9, complete genome.",0.0,16914.0,223841.0,16631.0
centroid,NC_009438.1,"Shewanella putrefaciens CN-32, complete genome.",41494.0,27371.0,61416.0,139115.0
centroid,NC_008060.1,"Burkholderia cenocepacia AU 1054 chromosome 1, complete sequence.",8371.0,7644.0,682477.0,198169.0
centroid,NC_010084.1,"Burkholderia multivorans ATCC 17616 chromosome 1, complete sequence.",33431.0,17771.0,773718.0,10485.0
centroid,NC_009782.1,"Staphylococcus aureus subsp. aureus Mu3, complete genome.",0.0,0.0,242695.0,28310.0
centroid,NC_002944.2,"Mycobacterium avium subsp. paratuberculosis K-10, complete genome.",0.0,0.0,19888.0,46045.0
centroid,NC_004368.1,"Streptococcus agalactiae NEM316, complete genome.",0.0,0.0,197118.0,70583.0
centroid,NC_000913.2,"Escherichia coli str. K-12 substr. MG1655, complete genome.",14191.0,9601.0,229279.0,28520.0
centroid,NC_010465.1,"Yersinia pseudotuberculosis YPIII, complete genome.",14000.0,9961.0,110854.0,160360.0
centroid,NC_008611.1,"Mycobacterium ulcerans Agy99, complete genome.",8161.0,10706.0,274649.0,0.0
centroid,AC_000091.1,"Escherichia coli W3110 DNA, complete genome.",10000.0,10903.0,241057.0,12297.0
centroid,NC_005773.3,"Pseudomonas syringae pv. phaseolicola 1448A, complete genome.",111737.0,2184.0,461175.0,92608.0
islandpath_dimob,NC_009665.1,"Shewanella baltica OS185, complete genome.",98093.0,0.0,80894.0,167021.0
islandpath_dimob,NC_007606.1,"Shigella dysenteriae Sd197, complete genome.",24428.0,55999.0,358819.0,6245.0
islandpath_dimob,NC_006350.1,"Burkholderia pseudomallei K96243 chromosome 1, complete sequence.",29580.0,4085.0,826905.0,33269.0
islandpath_dimob,NC_004431.1,"Escherichia coli CFT073, complete genome.",188787.0,0.0,523244.0,134929.0
islandpath_dimob,NC_003485.1,"Streptococcus pyogenes MGAS8232, complete genome.",0.0,0.0,165214.0,11952.0
islandpath_dimob,NC_008543.1,"Burkholderia cenocepacia HI2424 chromosome 2, complete sequence.",0.0,0.0,445890.0,11095.0
islandpath_dimob,NC_003997.3,"Bacillus anthracis str. Ames, complete genome.",4189.0,0.0,1490942.0,33160.0
islandpath_dimob,NC_010334.1,"Shewanella halifaxensis HAW-EB4, complete genome.",5048.0,0.0,165977.0,43903.0
islandpath_dimob,NC_004722.1,"Bacillus cereus ATCC 14579, complete genome.",30326.0,0.0,625452.0,26636.0
islandpath_dimob,NC_004606.1,"Streptococcus pyogenes SSI-1, complete genome.",0.0,0.0,132393.0,22969.0
islandpath_dimob,NC_010322.1,"Pseudomonas putida GB-1, complete genome.",129644.0,9165.0,210652.0,120466.0
islandpath_dimob,NC_007384.1,"Shigella sonnei Ss046, complete genome.",25478.0,57892.0,468778.0,16913.0
islandpath_dimob,NC_008819.1,"Prochlorococcus marinus str. NATL1A, complete genome.",0.0,0.0,303017.0,19001.0
islandpath_dimob,NC_004631.1,"Salmonella enterica subsp. enterica serovar Typhi Ty2, complete genome.",121051.0,14648.0,519438.0,52133.0
islandpath_dimob,NC_002655.2,"Escherichia coli O157:H7 EDL933, complete genome.",54846.0,9250.0,499403.0,242838.0
islandpath_dimob,NC_009801.1,"Escherichia coli E24377A, complete genome.",72293.0,14924.0,506006.0,57824.0
islandpath_dimob,NC_002758.2,"Staphylococcus aureus subsp. aureus Mu50, complete genome.",28238.0,0.0,242694.0,71.0
islandpath_dimob,NC_008258.1,"Shigella flexneri 5 str. 8401, complete genome.",27137.0,17047.0,537630.0,25249.0
islandpath_dimob,NC_009997.1,"Shewanella baltica OS195, complete genome.",94527.0,0.0,105874.0,136636.0
islandpath_dimob,NC_005945.1,"Bacillus anthracis str. Sterne, complete genome.",4189.0,0.0,1490934.0,33160.0
islandpath_dimob,NC_004459.2,"Vibrio vulnificus CMCP6 chromosome I, complete sequence.",12103.0,0.0,114586.0,42336.0
islandpath_dimob,NC_009074.1,"Burkholderia pseudomallei 668 chromosome I, complete sequence.",9958.0,9561.0,783631.0,36395.0
islandpath_dimob,NC_007946.1,"Escherichia coli UTI89, complete genome.",103956.0,15387.0,542788.0,95218.0
islandpath_dimob,NC_004578.1,"Pseudomonas syringae pv. tomato str. DC3000, complete genome.",182183.0,9545.0,449034.0,224105.0
islandpath_dimob,NC_007146.2,"Haemophilus influenzae 86-028NP, complete genome.",0.0,0.0,8599.0,70549.0
islandpath_dimob,NC_007530.2,"Bacillus anthracis str. 'Ames Ancestor', complete genome.",4189.0,0.0,1491064.0,33160.0
islandpath_dimob,NC_003909.8,"Bacillus cereus ATCC 10987, complete genome.",13958.0,453.0,1482747.0,89552.0
islandpath_dimob,NC_008577.1,"Shewanella sp. ANA-3 chromosome 1, complete sequence.",43065.0,0.0,96994.0,58113.0
islandpath_dimob,NC_007613.1,"Shigella boydii Sb227, complete genome.",14699.0,18923.0,409226.0,19826.0
islandpath_dimob,NC_010167.1,"Brucella suis ATCC 23445 chromosome II, complete sequence.",7873.0,0.0,187249.0,149994.0
islandpath_dimob,NC_008390.1,"Burkholderia cepacia AMMD chromosome 1, complete sequence.",9915.0,2731.0,704955.0,0.0
islandpath_dimob,NC_009901.1,"Shewanella pealeana ATCC 700345, complete genome.",0.0,8367.0,209785.0,67963.0
islandpath_dimob,NC_010159.1,"Yersinia pestis Angola, complete genome.",16192.0,45149.0,707585.0,2423.0
islandpath_dimob,NC_009900.1,"Rickettsia massiliae MTU5, complete genome.",15317.0,0.0,20813.0,0.0
islandpath_dimob,NC_008750.1,"Shewanella sp. W3-18-1, complete genome.",79936.0,0.0,101411.0,156122.0
islandpath_dimob,NC_007432.1,"Streptococcus agalactiae A909, complete genome.",0.0,0.0,200275.0,47570.0
islandpath_dimob,NC_003923.1,"Staphylococcus aureus subsp. aureus MW2, complete genome.",0.0,0.0,272372.0,20097.0
islandpath_dimob,NC_005071.1,"Prochlorococcus marinus str. MIT 9313, complete genome.",0.0,0.0,201208.0,47554.0
islandpath_dimob,NC_008600.1,"Bacillus thuringiensis str. Al Hakam, complete genome.",20585.0,0.0,1451773.0,1580.0
islandpath_dimob,NC_008463.1,"Pseudomonas aeruginosa UCBPP-PA14, complete genome.",22663.0,0.0,190511.0,117164.0
islandpath_dimob,NC_010551.1,"Burkholderia ambifaria MC40-6 chromosome 1, complete sequence.",0.0,0.0,806341.0,13638.0
islandpath_dimob,NC_003197.1,"Salmonella typhimurium LT2, complete genome.",44968.0,0.0,510188.0,35989.0
islandpath_dimob,NC_008321.1,"Shewanella sp. MR-4, complete genome.",59040.0,0.0,61470.0,90710.0
islandpath_dimob,NC_006511.1,"Salmonella enterica subsp. enterica serovar Paratyphi A str. ATCC 9150, complete genome.",10786.0,0.0,523103.0,0.0
islandpath_dimob,NC_008563.1,"Escherichia coli APEC O1, complete genome.",37875.0,0.0,587794.0,71818.0
islandpath_dimob,NC_008024.1,"Streptococcus pyogenes MGAS10750, complete genome.",41782.0,0.0,185111.0,7085.0
islandpath_dimob,NC_010410.1,"Acinetobacter baumannii AYE, complete genome.",63903.0,1112.0,987159.0,46716.0
islandpath_dimob,NC_004070.1,"Streptococcus pyogenes MGAS315, complete genome.",0.0,0.0,195423.0,10651.0
islandpath_dimob,NC_005139.1,"Vibrio vulnificus YJ016 chromosome I, complete sequence.",0.0,0.0,138630.0,35795.0
islandpath_dimob,NC_009783.1,"Vibrio harveyi ATCC BAA-1116 chromosome I, complete sequence.",33418.0,0.0,144479.0,166557.0
islandpath_dimob,NC_009080.1,"Burkholderia mallei NCTC 10247 chromosome I, complete sequence.",9426.0,40139.0,652465.0,22671.0
islandpath_dimob,NC_008022.1,"Streptococcus pyogenes MGAS10270, complete genome.",0.0,0.0,184883.0,14575.0
islandpath_dimob,NC_008253.1,"Escherichia coli 536, complete genome.",91447.0,0.0,579211.0,0.0
islandpath_dimob,NC_007434.1,"Burkholderia pseudomallei 1710b chromosome I, complete sequence.",120964.0,4072.0,701377.0,101794.0
islandpath_dimob,NC_006905.1,"Salmonella enterica subsp. enterica serovar Choleraesuis str. SC-B67, complete genome.",12730.0,1694.0,565165.0,26255.0
islandpath_dimob,NC_010102.1,"Salmonella enterica subsp. enterica serovar Paratyphi B str. SPB7, complete genome.",12918.0,0.0,520113.0,15977.0
islandpath_dimob,NC_007510.1,"Burkholderia sp. 383 chromosome 1, complete sequence.",19215.0,0.0,834053.0,82032.0
islandpath_dimob,NC_009256.1,"Burkholderia vietnamiensis G4 chromosome 1, complete sequence.",202065.0,751.0,630083.0,126609.0
islandpath_dimob,NC_008023.1,"Streptococcus pyogenes MGAS2096, complete genome.",6983.0,0.0,184931.0,50120.0
islandpath_dimob,NC_008322.1,"Shewanella sp. MR-7, complete genome.",58085.0,0.0,80664.0,84352.0
islandpath_dimob,NC_004337.1,"Shigella flexneri 2a str. 301, complete genome.",23735.0,19357.0,457323.0,12240.0
islandpath_dimob,NC_009085.1,"Acinetobacter baumannii ATCC 17978, complete genome.",69807.0,3982.0,975627.0,82955.0
islandpath_dimob,NC_007778.1,"Rhodopseudomonas palustris HaA2, complete genome.",104245.0,0.0,90113.0,183715.0
islandpath_dimob,NC_009800.1,"Escherichia coli HS, complete genome.",398.0,9203.0,575941.0,35791.0
islandpath_dimob,NC_004347.1,"Shewanella oneidensis MR-1, complete genome.",0.0,32057.0,57497.0,52531.0
islandpath_dimob,NC_009076.1,"Burkholderia pseudomallei 1106a chromosome I, complete sequence.",15918.0,20517.0,747451.0,4820.0
islandpath_dimob,NC_004603.1,"Vibrio parahaemolyticus RIMD 2210633 chromosome I, complete sequence.",30798.0,0.0,137764.0,90768.0
islandpath_dimob,NC_010380.1,"Streptococcus pneumoniae Hungary19A-6, complete genome.",0.0,0.0,41256.0,78477.0
islandpath_dimob,NC_010501.1,"Pseudomonas putida W619, complete genome.",54267.0,0.0,104747.0,216439.0
islandpath_dimob,NC_008061.1,"Burkholderia cenocepacia AU 1054 chromosome 2, complete sequence.",0.0,10277.0,420796.0,13874.0
islandpath_dimob,NC_002516.2,"Pseudomonas aeruginosa PAO1, complete genome.",0.0,0.0,210694.0,72830.0
islandpath_dimob,NC_010184.1,"Bacillus weihenstephanensis KBAB4, complete genome.",0.0,8018.0,1492527.0,28359.0
islandpath_dimob,NC_002947.3,"Pseudomonas putida KT2440, complete genome.",140178.0,8574.0,246116.0,182657.0
islandpath_dimob,NC_010612.1,"Mycobacterium marinum M, complete genome.",24488.0,0.0,744467.0,263473.0
islandpath_dimob,NC_010582.1,"Streptococcus pneumoniae CGSP14, complete genome.",0.0,0.0,41173.0,30634.0
islandpath_dimob,NC_000907.1,"Haemophilus influenzae Rd KW20, complete genome.",0.0,0.0,8597.0,8605.0
islandpath_dimob,NC_010498.1,"Escherichia coli SECEC SMS-3-5, complete genome.",9789.0,14868.0,568328.0,66288.0
islandpath_dimob,NC_007335.2,"Prochlorococcus marinus str. NATL2A, complete genome.",0.0,0.0,287045.0,18182.0
islandpath_dimob,NC_004741.1,"Shigella flexneri 2a str. 2457T, complete genome.",23920.0,13709.0,453008.0,28375.0
islandpath_dimob,NC_009485.1,"Bradyrhizobium sp. BTAi1, complete genome.",264686.0,3870.0,386257.0,592236.0
islandpath_dimob,NC_009708.1,"Yersinia pseudotuberculosis IP 31758, complete genome.",8638.0,23013.0,117042.0,112538.0
islandpath_dimob,NC_009052.1,"Shewanella baltica OS155, complete genome.",57123.0,15846.0,59618.0,33517.0
islandpath_dimob,NC_009567.1,"Haemophilus influenzae PittGG, complete genome.",19253.0,0.0,8553.0,539.0
islandpath_dimob,NC_006086.1,"Streptococcus pyogenes MGAS10394, complete genome.",17674.0,0.0,124958.0,40690.0
islandpath_dimob,NC_010473.1,"Escherichia coli str. K-12 substr. DH10B, complete genome.",20917.0,0.0,521339.0,12185.0
islandpath_dimob,NC_003047.1,"Sinorhizobium meliloti 1021, complete genome.",84732.0,0.0,653076.0,38145.0
islandpath_dimob,NC_002695.1,"Escherichia coli O157:H7 str. Sakai, complete genome.",94310.0,9250.0,505125.0,279488.0
islandpath_dimob,NC_010515.1,"Burkholderia cenocepacia MC0-3 chromosome 2, complete sequence.",88426.0,10535.0,420860.0,51122.0
islandpath_dimob,NC_007958.1,"Rhodopseudomonas palustris BisB5, complete genome.",91158.0,0.0,12807.0,57687.0
islandpath_dimob,NC_009632.1,"Staphylococcus aureus subsp. aureus JH1, complete genome.",0.0,0.0,252303.0,16631.0
islandpath_dimob,NC_004088.1,"Yersinia pestis KIM, complete genome.",6804.0,55260.0,832863.0,1689.0
islandpath_dimob,NC_007297.1,"Streptococcus pyogenes MGAS5005, complete genome.",0.0,0.0,186832.0,11788.0
islandpath_dimob,NC_003198.1,"Salmonella enterica subsp. enterica serovar Typhi str. CT18, complete genome.",120897.0,17198.0,531562.0,31877.0
islandpath_dimob,NC_007005.1,"Pseudomonas syringae pv. syringae B728a, complete genome.",42718.0,0.0,495496.0,60337.0
islandpath_dimob,NC_010400.1,"Acinetobacter baumannii, complete genome.",272.0,38706.0,958105.0,44704.0
islandpath_dimob,NC_009445.1,"Bradyrhizobium sp. ORS278, complete genome.",72510.0,0.0,61124.0,353983.0
islandpath_dimob,NC_009504.1,"Brucella ovis ATCC 25840 chromosome II, complete sequence.",8994.0,0.0,186362.0,3739.0
islandpath_dimob,NC_009879.1,"Rickettsia canadensis str. McKiel, complete genome.",0.0,0.0,26601.0,22618.0
islandpath_dimob,NC_004116.1,"Streptococcus agalactiae 2603V/R, complete genome.",9205.0,0.0,200516.0,0.0
islandpath_dimob,NC_006155.1,"Yersinia pseudotuberculosis IP 32953, complete genome.",39524.0,14534.0,222233.0,130528.0
islandpath_dimob,NC_007651.1,"Burkholderia thailandensis E264 chromosome I, complete sequence.",48100.0,10205.0,754541.0,0.0
islandpath_dimob,NC_009512.1,"Pseudomonas putida F1, complete genome.",26079.0,0.0,240460.0,173802.0
islandpath_dimob,NC_008595.1,"Mycobacterium avium 104, complete genome.",20169.0,0.0,219073.0,65179.0
islandpath_dimob,NC_009342.1,"Corynebacterium glutamicum R, complete genome.",22037.0,1053.0,1371983.0,91201.0
islandpath_dimob,NC_007761.1,"Rhizobium etli CFN 42, complete genome.",97396.0,0.0,627977.0,56784.0
islandpath_dimob,NC_007793.1,"Staphylococcus aureus subsp. aureus USA300, complete genome.",0.0,0.0,288877.0,20096.0
islandpath_dimob,NC_009487.1,"Staphylococcus aureus subsp. aureus JH9, complete genome.",0.0,0.0,240755.0,16631.0
islandpath_dimob,NC_009438.1,"Shewanella putrefaciens CN-32, complete genome.",71583.0,0.0,88787.0,109026.0
islandpath_dimob,NC_008060.1,"Burkholderia cenocepacia AU 1054 chromosome 1, complete sequence.",8371.0,13947.0,676174.0,198169.0
islandpath_dimob,NC_010084.1,"Burkholderia multivorans ATCC 17616 chromosome 1, complete sequence.",43916.0,9542.0,781947.0,0.0
islandpath_dimob,NC_009782.1,"Staphylococcus aureus subsp. aureus Mu3, complete genome.",28239.0,0.0,242695.0,71.0
islandpath_dimob,NC_002944.2,"Mycobacterium avium subsp. paratuberculosis K-10, complete genome.",0.0,0.0,19888.0,46045.0
islandpath_dimob,NC_004368.1,"Streptococcus agalactiae NEM316, complete genome.",0.0,0.0,197118.0,70583.0
islandpath_dimob,NC_000913.2,"Escherichia coli str. K-12 substr. MG1655, complete genome.",26264.0,0.0,238880.0,16447.0
islandpath_dimob,NC_010465.1,"Yersinia pseudotuberculosis YPIII, complete genome.",0.0,15746.0,105069.0,174360.0
islandpath_dimob,NC_008611.1,"Mycobacterium ulcerans Agy99, complete genome.",5686.0,0.0,285355.0,2475.0
islandpath_dimob,AC_000091.1,"Escherichia coli W3110 DNA, complete genome.",20501.0,0.0,251960.0,1796.0
islandpath_dimob,NC_005773.3,"Pseudomonas syringae pv. phaseolicola 1448A, complete genome.",119351.0,7341.0,456018.0,84994.0
pai_ida,NC_009665.1,"Shewanella baltica OS185, complete genome.",112738.0,9096.0,71798.0,152376.0
pai_ida,NC_007606.1,"Shigella dysenteriae Sd197, complete genome.",12342.0,28896.0,385922.0,18331.0
pai_ida,NC_006350.1,"Burkholderia pseudomallei K96243 chromosome 1, complete sequence.",26714.0,6388.0,824602.0,36135.0
pai_ida,NC_004431.1,"Escherichia coli CFT073, complete genome.",78732.0,0.0,523244.0,244984.0
pai_ida,NC_003485.1,"Streptococcus pyogenes MGAS8232, complete genome.",0.0,29394.0,135820.0,11952.0
pai_ida,NC_008543.1,"Burkholderia cenocepacia HI2424 chromosome 2, complete sequence.",9015.0,0.0,445890.0,2080.0
pai_ida,NC_003997.3,"Bacillus anthracis str. Ames, complete genome.",0.0,47911.0,1443031.0,37349.0
pai_ida,NC_010334.1,"Shewanella halifaxensis HAW-EB4, complete genome.",5959.0,34869.0,131108.0,42992.0
pai_ida,NC_004722.1,"Bacillus cereus ATCC 14579, complete genome.",19069.0,54445.0,571007.0,37893.0
pai_ida,NC_004606.1,"Streptococcus pyogenes SSI-1, complete genome.",0.0,13300.0,119093.0,22969.0
pai_ida,NC_010322.1,"Pseudomonas putida GB-1, complete genome.",130376.0,33947.0,185870.0,119734.0
pai_ida,NC_007384.1,"Shigella sonnei Ss046, complete genome.",23122.0,25109.0,501561.0,19269.0
pai_ida,NC_008819.1,"Prochlorococcus marinus str. NATL1A, complete genome.",13848.0,0.0,303017.0,5153.0
pai_ida,NC_004631.1,"Salmonella enterica subsp. enterica serovar Typhi Ty2, complete genome.",52028.0,0.0,534086.0,121156.0
pai_ida,NC_002655.2,"Escherichia coli O157:H7 EDL933, complete genome.",37691.0,0.0,508653.0,259993.0
pai_ida,NC_009801.1,"Escherichia coli E24377A, complete genome.",14328.0,665.0,520265.0,115789.0
pai_ida,NC_002758.2,"Staphylococcus aureus subsp. aureus Mu50, complete genome.",18998.0,31814.0,210880.0,9311.0
pai_ida,NC_008258.1,"Shigella flexneri 5 str. 8401, complete genome.",0.0,14624.0,540053.0,52386.0
pai_ida,NC_009997.1,"Shewanella baltica OS195, complete genome.",60436.0,28383.0,77491.0,170727.0
pai_ida,NC_005945.1,"Bacillus anthracis str. Sterne, complete genome.",0.0,52682.0,1438252.0,37349.0
pai_ida,NC_004459.2,"Vibrio vulnificus CMCP6 chromosome I, complete sequence.",0.0,0.0,114586.0,54439.0
pai_ida,NC_009074.1,"Burkholderia pseudomallei 668 chromosome I, complete sequence.",12396.0,26433.0,766759.0,33957.0
pai_ida,NC_007946.1,"Escherichia coli UTI89, complete genome.",63501.0,0.0,558175.0,135673.0
pai_ida,NC_004578.1,"Pseudomonas syringae pv. tomato str. DC3000, complete genome.",169500.0,25241.0,433338.0,236788.0
pai_ida,NC_007146.2,"Haemophilus influenzae 86-028NP, complete genome.",45000.0,0.0,8599.0,25549.0
pai_ida,NC_007530.2,"Bacillus anthracis str. 'Ames Ancestor', complete genome.",0.0,47911.0,1443153.0,37349.0
pai_ida,NC_003909.8,"Bacillus cereus ATCC 10987, complete genome.",49164.0,45273.0,1437927.0,54346.0
pai_ida,NC_008577.1,"Shewanella sp. ANA-3 chromosome 1, complete sequence.",62968.0,30000.0,66994.0,38210.0
pai_ida,NC_007613.1,"Shigella boydii Sb227, complete genome.",0.0,11639.0,416510.0,34525.0
pai_ida,NC_010167.1,"Brucella suis ATCC 23445 chromosome II, complete sequence.",17580.0,0.0,187249.0,140287.0
pai_ida,NC_008390.1,"Burkholderia cepacia AMMD chromosome 1, complete sequence.",9915.0,35726.0,671960.0,0.0
pai_ida,NC_009901.1,"Shewanella pealeana ATCC 700345, complete genome.",0.0,35000.0,183152.0,67963.0
pai_ida,NC_010159.1,"Yersinia pestis Angola, complete genome.",10118.0,0.0,752734.0,8497.0
pai_ida,NC_009900.1,"Rickettsia massiliae MTU5, complete genome.",0.0,0.0,20813.0,15317.0
pai_ida,NC_008750.1,"Shewanella sp. W3-18-1, complete genome.",90157.0,32105.0,69306.0,145901.0
pai_ida,NC_007432.1,"Streptococcus agalactiae A909, complete genome.",27558.0,32357.0,167918.0,20012.0
pai_ida,NC_003923.1,"Staphylococcus aureus subsp. aureus MW2, complete genome.",0.0,38405.0,233967.0,20097.0
pai_ida,NC_005071.1,"Prochlorococcus marinus str. MIT 9313, complete genome.",30452.0,0.0,201208.0,17102.0
pai_ida,NC_008600.1,"Bacillus thuringiensis str. Al Hakam, complete genome.",0.0,59668.0,1392105.0,22165.0
pai_ida,NC_008463.1,"Pseudomonas aeruginosa UCBPP-PA14, complete genome.",55993.0,43084.0,147427.0,83834.0
pai_ida,NC_010551.1,"Burkholderia ambifaria MC40-6 chromosome 1, complete sequence.",13638.0,45051.0,761290.0,0.0
pai_ida,NC_003197.1,"Salmonella typhimurium LT2, complete genome.",0.0,15452.0,494736.0,80957.0
pai_ida,NC_008321.1,"Shewanella sp. MR-4, complete genome.",35256.0,30567.0,30903.0,114494.0
pai_ida,NC_006511.1,"Salmonella enterica subsp. enterica serovar Paratyphi A str. ATCC 9150, complete genome.",0.0,4547.0,518556.0,10786.0
pai_ida,NC_008563.1,"Escherichia coli APEC O1, complete genome.",18619.0,0.0,587794.0,91074.0
pai_ida,NC_008024.1,"Streptococcus pyogenes MGAS10750, complete genome.",48867.0,0.0,185111.0,0.0
pai_ida,NC_010410.1,"Acinetobacter baumannii AYE, complete genome.",69370.0,6442.0,981829.0,41249.0
pai_ida,NC_004070.1,"Streptococcus pyogenes MGAS315, complete genome.",0.0,27845.0,167578.0,10651.0
pai_ida,NC_005139.1,"Vibrio vulnificus YJ016 chromosome I, complete sequence.",10865.0,0.0,138630.0,24930.0
pai_ida,NC_009783.1,"Vibrio harveyi ATCC BAA-1116 chromosome I, complete sequence.",40303.0,0.0,144479.0,159672.0
pai_ida,NC_009080.1,"Burkholderia mallei NCTC 10247 chromosome I, complete sequence.",0.0,43800.0,648804.0,32097.0
pai_ida,NC_008022.1,"Streptococcus pyogenes MGAS10270, complete genome.",0.0,27852.0,157031.0,14575.0
pai_ida,NC_008253.1,"Escherichia coli 536, complete genome.",74125.0,0.0,579211.0,17322.0
pai_ida,NC_007434.1,"Burkholderia pseudomallei 1710b chromosome I, complete sequence.",123699.0,6697.0,698752.0,99059.0
pai_ida,NC_006905.1,"Salmonella enterica subsp. enterica serovar Choleraesuis str. SC-B67, complete genome.",2690.0,0.0,566859.0,36295.0
pai_ida,NC_010102.1,"Salmonella enterica subsp. enterica serovar Paratyphi B str. SPB7, complete genome.",15977.0,2922.0,517191.0,12918.0
pai_ida,NC_007510.1,"Burkholderia sp. 383 chromosome 1, complete sequence.",80024.0,1443.0,832610.0,21223.0
pai_ida,NC_009256.1,"Burkholderia vietnamiensis G4 chromosome 1, complete sequence.",50575.0,671.0,630163.0,278099.0
pai_ida,NC_008023.1,"Streptococcus pyogenes MGAS2096, complete genome.",45000.0,13884.0,171047.0,12103.0
pai_ida,NC_008322.1,"Shewanella sp. MR-7, complete genome.",52859.0,30567.0,50097.0,89578.0
pai_ida,NC_004337.1,"Shigella flexneri 2a str. 301, complete genome.",0.0,27102.0,449578.0,35975.0
pai_ida,NC_009085.1,"Acinetobacter baumannii ATCC 17978, complete genome.",38179.0,2336.0,977273.0,114583.0
pai_ida,NC_007778.1,"Rhodopseudomonas palustris HaA2, complete genome.",70130.0,0.0,90113.0,217830.0
pai_ida,NC_009800.1,"Escherichia coli HS, complete genome.",0.0,0.0,585144.0,36189.0
pai_ida,NC_004347.1,"Shewanella oneidensis MR-1, complete genome.",0.0,32057.0,57497.0,52531.0
pai_ida,NC_009076.1,"Burkholderia pseudomallei 1106a chromosome I, complete sequence.",12348.0,17720.0,750248.0,8390.0
pai_ida,NC_004603.1,"Vibrio parahaemolyticus RIMD 2210633 chromosome I, complete sequence.",32516.0,0.0,137764.0,89050.0
pai_ida,NC_010380.1,"Streptococcus pneumoniae Hungary19A-6, complete genome.",0.0,0.0,41256.0,78477.0
pai_ida,NC_010501.1,"Pseudomonas putida W619, complete genome.",149095.0,0.0,104747.0,121611.0
pai_ida,NC_008061.1,"Burkholderia cenocepacia AU 1054 chromosome 2, complete sequence.",8788.0,7054.0,424019.0,5086.0
pai_ida,NC_002516.2,"Pseudomonas aeruginosa PAO1, complete genome.",29398.0,40252.0,170442.0,43432.0
pai_ida,NC_010184.1,"Bacillus weihenstephanensis KBAB4, complete genome.",13734.0,70479.0,1430066.0,14625.0
pai_ida,NC_002947.3,"Pseudomonas putida KT2440, complete genome.",137769.0,27631.0,227059.0,185066.0
pai_ida,NC_010612.1,"Mycobacterium marinum M, complete genome.",52729.0,6380.0,738087.0,235232.0
pai_ida,NC_010582.1,"Streptococcus pneumoniae CGSP14, complete genome.",11867.0,0.0,41173.0,18767.0
pai_ida,NC_000907.1,"Haemophilus influenzae Rd KW20, complete genome.",0.0,0.0,8597.0,8605.0
pai_ida,NC_010498.1,"Escherichia coli SECEC SMS-3-5, complete genome.",43302.0,0.0,583196.0,32775.0
pai_ida,NC_007335.2,"Prochlorococcus marinus str. NATL2A, complete genome.",0.0,0.0,287045.0,18182.0
pai_ida,NC_004741.1,"Shigella flexneri 2a str. 2457T, complete genome.",16345.0,10036.0,456681.0,35950.0
pai_ida,NC_009485.1,"Bradyrhizobium sp. BTAi1, complete genome.",193017.0,0.0,390127.0,663905.0
pai_ida,NC_009708.1,"Yersinia pseudotuberculosis IP 31758, complete genome.",0.0,13611.0,126444.0,121176.0
pai_ida,NC_009052.1,"Shewanella baltica OS155, complete genome.",17214.0,8393.0,67071.0,73426.0
pai_ida,NC_009567.1,"Haemophilus influenzae PittGG, complete genome.",0.0,0.0,8553.0,19792.0
pai_ida,NC_006086.1,"Streptococcus pyogenes MGAS10394, complete genome.",0.0,14959.0,109999.0,58364.0
pai_ida,NC_010473.1,"Escherichia coli str. K-12 substr. DH10B, complete genome.",21115.0,10540.0,510799.0,11987.0
pai_ida,NC_003047.1,"Sinorhizobium meliloti 1021, complete genome.",101188.0,0.0,653076.0,21689.0
pai_ida,NC_002695.1,"Escherichia coli O157:H7 str. Sakai, complete genome.",39014.0,0.0,514375.0,334784.0
pai_ida,NC_010515.1,"Burkholderia cenocepacia MC0-3 chromosome 2, complete sequence.",80961.0,3716.0,427679.0,58587.0
pai_ida,NC_007958.1,"Rhodopseudomonas palustris BisB5, complete genome.",52612.0,0.0,12807.0,96233.0
pai_ida,NC_009632.1,"Staphylococcus aureus subsp. aureus JH1, complete genome.",0.0,23240.0,229063.0,16631.0
pai_ida,NC_004088.1,"Yersinia pestis KIM, complete genome.",0.0,0.0,888123.0,8493.0
pai_ida,NC_007297.1,"Streptococcus pyogenes MGAS5005, complete genome.",0.0,26746.0,160086.0,11788.0
pai_ida,NC_003198.1,"Salmonella enterica subsp. enterica serovar Typhi str. CT18, complete genome.",28280.0,0.0,548760.0,124494.0
pai_ida,NC_007005.1,"Pseudomonas syringae pv. syringae B728a, complete genome.",61245.0,30000.0,465496.0,41810.0
pai_ida,NC_010400.1,"Acinetobacter baumannii, complete genome.",0.0,39155.0,957656.0,44976.0
pai_ida,NC_009445.1,"Bradyrhizobium sp. ORS278, complete genome.",166721.0,0.0,61124.0,259772.0
pai_ida,NC_009504.1,"Brucella ovis ATCC 25840 chromosome II, complete sequence.",12733.0,1740.0,184622.0,0.0
pai_ida,NC_009879.1,"Rickettsia canadensis str. McKiel, complete genome.",0.0,0.0,26601.0,22618.0
pai_ida,NC_004116.1,"Streptococcus agalactiae 2603V/R, complete genome.",9205.0,37600.0,162916.0,0.0
pai_ida,NC_006155.1,"Yersinia pseudotuberculosis IP 32953, complete genome.",0.0,1622.0,235145.0,170052.0
pai_ida,NC_007651.1,"Burkholderia thailandensis E264 chromosome I, complete sequence.",38592.0,0.0,764746.0,9508.0
pai_ida,NC_009512.1,"Pseudomonas putida F1, complete genome.",70562.0,31129.0,209331.0,129319.0
pai_ida,NC_008595.1,"Mycobacterium avium 104, complete genome.",70208.0,0.0,219073.0,15140.0
pai_ida,NC_009342.1,"Corynebacterium glutamicum R, complete genome.",29001.0,9113.0,1363923.0,84237.0
pai_ida,NC_007761.1,"Rhizobium etli CFN 42, complete genome.",132350.0,0.0,627977.0,21830.0
pai_ida,NC_007793.1,"Staphylococcus aureus subsp. aureus USA300, complete genome.",0.0,34442.0,254435.0,20096.0
pai_ida,NC_009487.1,"Staphylococcus aureus subsp. aureus JH9, complete genome.",0.0,23196.0,217559.0,16631.0
pai_ida,NC_009438.1,"Shewanella putrefaciens CN-32, complete genome.",29000.0,29826.0,58961.0,151609.0
pai_ida,NC_008060.1,"Burkholderia cenocepacia AU 1054 chromosome 1, complete sequence.",8371.0,20637.0,669484.0,198169.0
pai_ida,NC_010084.1,"Burkholderia multivorans ATCC 17616 chromosome 1, complete sequence.",33431.0,26918.0,764571.0,10485.0
pai_ida,NC_009782.1,"Staphylococcus aureus subsp. aureus Mu3, complete genome.",18995.0,34197.0,208498.0,9315.0
pai_ida,NC_002944.2,"Mycobacterium avium subsp. paratuberculosis K-10, complete genome.",36934.0,0.0,19888.0,9111.0
pai_ida,NC_004368.1,"Streptococcus agalactiae NEM316, complete genome.",23985.0,34466.0,162652.0,46598.0
pai_ida,NC_000913.2,"Escherichia coli str. K-12 substr. MG1655, complete genome.",341.0,0.0,238880.0,42370.0
pai_ida,NC_010465.1,"Yersinia pseudotuberculosis YPIII, complete genome.",13824.0,0.0,120815.0,160536.0
pai_ida,NC_008611.1,"Mycobacterium ulcerans Agy99, complete genome.",8161.0,15369.0,269986.0,0.0
pai_ida,AC_000091.1,"Escherichia coli W3110 DNA, complete genome.",0.0,0.0,251960.0,22297.0
pai_ida,NC_005773.3,"Pseudomonas syringae pv. phaseolicola 1448A, complete genome.",125745.0,31388.0,431971.0,78600.0
islandpath_dinuc,NC_009665.1,"Shewanella baltica OS185, complete genome.",124834.0,30108.0,50786.0,140280.0
islandpath_dinuc,NC_007606.1,"Shigella dysenteriae Sd197, complete genome.",24428.0,83974.0,330844.0,6245.0
islandpath_dinuc,NC_006350.1,"Burkholderia pseudomallei K96243 chromosome 1, complete sequence.",34520.0,19539.0,811451.0,28329.0
islandpath_dinuc,NC_004431.1,"Escherichia coli CFT073, complete genome.",249596.0,58500.0,464744.0,74120.0
islandpath_dinuc,NC_003485.1,"Streptococcus pyogenes MGAS8232, complete genome.",0.0,31447.0,133767.0,11952.0
islandpath_dinuc,NC_008543.1,"Burkholderia cenocepacia HI2424 chromosome 2, complete sequence.",0.0,7748.0,438142.0,11095.0
islandpath_dinuc,NC_003997.3,"Bacillus anthracis str. Ames, complete genome.",7752.0,122324.0,1368618.0,29597.0
islandpath_dinuc,NC_010334.1,"Shewanella halifaxensis HAW-EB4, complete genome.",5048.0,48362.0,117615.0,43903.0
islandpath_dinuc,NC_004722.1,"Bacillus cereus ATCC 14579, complete genome.",49500.0,36204.0,589248.0,7462.0
islandpath_dinuc,NC_004606.1,"Streptococcus pyogenes SSI-1, complete genome.",0.0,27016.0,105377.0,22969.0
islandpath_dinuc,NC_010322.1,"Pseudomonas putida GB-1, complete genome.",143386.0,75531.0,144286.0,106724.0
islandpath_dinuc,NC_007384.1,"Shigella sonnei Ss046, complete genome.",38338.0,76394.0,450276.0,4053.0
islandpath_dinuc,NC_008819.1,"Prochlorococcus marinus str. NATL1A, complete genome.",10780.0,10131.0,292886.0,8221.0
islandpath_dinuc,NC_004631.1,"Salmonella enterica subsp. enterica serovar Typhi Ty2, complete genome.",162191.0,47699.0,486387.0,10993.0
islandpath_dinuc,NC_002655.2,"Escherichia coli O157:H7 EDL933, complete genome.",167779.0,49757.0,458896.0,129905.0
islandpath_dinuc,NC_009801.1,"Escherichia coli E24377A, complete genome.",91606.0,72998.0,447932.0,38511.0
islandpath_dinuc,NC_002758.2,"Staphylococcus aureus subsp. aureus Mu50, complete genome.",28238.0,32884.0,209810.0,71.0
islandpath_dinuc,NC_008258.1,"Shigella flexneri 5 str. 8401, complete genome.",27137.0,70905.0,483772.0,25249.0
islandpath_dinuc,NC_009997.1,"Shewanella baltica OS195, complete genome.",105351.0,46169.0,59705.0,125812.0
islandpath_dinuc,NC_005945.1,"Bacillus anthracis str. Sterne, complete genome.",10971.0,109220.0,1381714.0,26378.0
islandpath_dinuc,NC_004459.2,"Vibrio vulnificus CMCP6 chromosome I, complete sequence.",12103.0,33619.0,80967.0,42336.0
islandpath_dinuc,NC_009074.1,"Burkholderia pseudomallei 668 chromosome I, complete sequence.",22354.0,41182.0,752010.0,23999.0
islandpath_dinuc,NC_007946.1,"Escherichia coli UTI89, complete genome.",150411.0,60112.0,498063.0,48763.0
islandpath_dinuc,NC_004578.1,"Pseudomonas syringae pv. tomato str. DC3000, complete genome.",232183.0,65276.0,393303.0,174105.0
islandpath_dinuc,NC_007146.2,"Haemophilus influenzae 86-028NP, complete genome.",16811.0,8599.0,0.0,53738.0
islandpath_dinuc,NC_007530.2,"Bacillus anthracis str. 'Ames Ancestor', complete genome.",7752.0,122324.0,1368740.0,29597.0
islandpath_dinuc,NC_003909.8,"Bacillus cereus ATCC 10987, complete genome.",48721.0,134619.0,1348581.0,54789.0
islandpath_dinuc,NC_008577.1,"Shewanella sp. ANA-3 chromosome 1, complete sequence.",67773.0,40154.0,56840.0,33405.0
islandpath_dinuc,NC_007613.1,"Shigella boydii Sb227, complete genome.",14699.0,57528.0,370621.0,19826.0
islandpath_dinuc,NC_010167.1,"Brucella suis ATCC 23445 chromosome II, complete sequence.",15330.0,1983.0,185266.0,142537.0
islandpath_dinuc,NC_008390.1,"Burkholderia cepacia AMMD chromosome 1, complete sequence.",9915.0,39473.0,668213.0,0.0
islandpath_dinuc,NC_009901.1,"Shewanella pealeana ATCC 700345, complete genome.",25916.0,72382.0,145770.0,42047.0
islandpath_dinuc,NC_010159.1,"Yersinia pestis Angola, complete genome.",16192.0,60163.0,692571.0,2423.0
islandpath_dinuc,NC_009900.1,"Rickettsia massiliae MTU5, complete genome.",15317.0,0.0,20813.0,0.0
islandpath_dinuc,NC_008750.1,"Shewanella sp. W3-18-1, complete genome.",141020.0,40156.0,61255.0,95038.0
islandpath_dinuc,NC_007432.1,"Streptococcus agalactiae A909, complete genome.",14563.0,17892.0,182383.0,33007.0
islandpath_dinuc,NC_003923.1,"Staphylococcus aureus subsp. aureus MW2, complete genome.",20097.0,33037.0,239335.0,0.0
islandpath_dinuc,NC_005071.1,"Prochlorococcus marinus str. MIT 9313, complete genome.",23886.0,30769.0,170439.0,23668.0
islandpath_dinuc,NC_008600.1,"Bacillus thuringiensis str. Al Hakam, complete genome.",20585.0,100950.0,1350823.0,1580.0
islandpath_dinuc,NC_008463.1,"Pseudomonas aeruginosa UCBPP-PA14, complete genome.",54504.0,56237.0,134274.0,85323.0
islandpath_dinuc,NC_010551.1,"Burkholderia ambifaria MC40-6 chromosome 1, complete sequence.",13638.0,85809.0,720532.0,0.0
islandpath_dinuc,NC_003197.1,"Salmonella typhimurium LT2, complete genome.",68641.0,60010.0,450178.0,12316.0
islandpath_dinuc,NC_008321.1,"Shewanella sp. MR-4, complete genome.",59040.0,47891.0,13579.0,90710.0
islandpath_dinuc,NC_006511.1,"Salmonella enterica subsp. enterica serovar Paratyphi A str. ATCC 9150, complete genome.",10786.0,56374.0,466729.0,0.0
islandpath_dinuc,NC_008563.1,"Escherichia coli APEC O1, complete genome.",89340.0,68990.0,518804.0,20353.0
islandpath_dinuc,NC_008024.1,"Streptococcus pyogenes MGAS10750, complete genome.",41782.0,14193.0,170918.0,7085.0
islandpath_dinuc,NC_010410.1,"Acinetobacter baumannii AYE, complete genome.",68317.0,72151.0,916120.0,42302.0
islandpath_dinuc,NC_004070.1,"Streptococcus pyogenes MGAS315, complete genome.",6610.0,17725.0,177698.0,4041.0
islandpath_dinuc,NC_005139.1,"Vibrio vulnificus YJ016 chromosome I, complete sequence.",9500.0,32981.0,105649.0,26295.0
islandpath_dinuc,NC_009783.1,"Vibrio harveyi ATCC BAA-1116 chromosome I, complete sequence.",63229.0,33674.0,110805.0,136746.0
islandpath_dinuc,NC_009080.1,"Burkholderia mallei NCTC 10247 chromosome I, complete sequence.",9426.0,63631.0,628973.0,22671.0
islandpath_dinuc,NC_008022.1,"Streptococcus pyogenes MGAS10270, complete genome.",14575.0,20107.0,164776.0,0.0
islandpath_dinuc,NC_008253.1,"Escherichia coli 536, complete genome.",91447.0,57044.0,522167.0,0.0
islandpath_dinuc,NC_007434.1,"Burkholderia pseudomallei 1710b chromosome I, complete sequence.",143852.0,45845.0,659604.0,78906.0
islandpath_dinuc,NC_006905.1,"Salmonella enterica subsp. enterica serovar Choleraesuis str. SC-B67, complete genome.",27065.0,49884.0,516975.0,11920.0
islandpath_dinuc,NC_010102.1,"Salmonella enterica subsp. enterica serovar Paratyphi B str. SPB7, complete genome.",28895.0,49167.0,470946.0,0.0
islandpath_dinuc,NC_007510.1,"Burkholderia sp. 383 chromosome 1, complete sequence.",67009.0,48534.0,785519.0,34238.0
islandpath_dinuc,NC_009256.1,"Burkholderia vietnamiensis G4 chromosome 1, complete sequence.",251709.0,751.0,630083.0,76965.0
islandpath_dinuc,NC_008023.1,"Streptococcus pyogenes MGAS2096, complete genome.",6983.0,31790.0,153141.0,50120.0
islandpath_dinuc,NC_008322.1,"Shewanella sp. MR-7, complete genome.",72289.0,55606.0,25058.0,70148.0
islandpath_dinuc,NC_004337.1,"Shigella flexneri 2a str. 301, complete genome.",23735.0,63743.0,412937.0,12240.0
islandpath_dinuc,NC_009085.1,"Acinetobacter baumannii ATCC 17978, complete genome.",96170.0,133836.0,845773.0,56592.0
islandpath_dinuc,NC_007778.1,"Rhodopseudomonas palustris HaA2, complete genome.",147251.0,0.0,90113.0,140709.0
islandpath_dinuc,NC_009800.1,"Escherichia coli HS, complete genome.",16974.0,94902.0,490242.0,19215.0
islandpath_dinuc,NC_004347.1,"Shewanella oneidensis MR-1, complete genome.",0.0,38040.0,51514.0,52531.0
islandpath_dinuc,NC_009076.1,"Burkholderia pseudomallei 1106a chromosome I, complete sequence.",19776.0,44193.0,723775.0,962.0
islandpath_dinuc,NC_004603.1,"Vibrio parahaemolyticus RIMD 2210633 chromosome I, complete sequence.",31795.0,33020.0,104744.0,89771.0
islandpath_dinuc,NC_010380.1,"Streptococcus pneumoniae Hungary19A-6, complete genome.",6763.0,15041.0,26215.0,71714.0
islandpath_dinuc,NC_010501.1,"Pseudomonas putida W619, complete genome.",107766.0,11185.0,93562.0,162940.0
islandpath_dinuc,NC_008061.1,"Burkholderia cenocepacia AU 1054 chromosome 2, complete sequence.",0.0,18477.0,412596.0,13874.0
islandpath_dinuc,NC_002516.2,"Pseudomonas aeruginosa PAO1, complete genome.",33171.0,58562.0,152132.0,39659.0
islandpath_dinuc,NC_010184.1,"Bacillus weihenstephanensis KBAB4, complete genome.",18716.0,137684.0,1362861.0,9643.0
islandpath_dinuc,NC_002947.3,"Pseudomonas putida KT2440, complete genome.",190047.0,80786.0,173904.0,132788.0
islandpath_dinuc,NC_010612.1,"Mycobacterium marinum M, complete genome.",93792.0,41341.0,703126.0,194169.0
islandpath_dinuc,NC_010582.1,"Streptococcus pneumoniae CGSP14, complete genome.",0.0,14958.0,26215.0,30634.0
islandpath_dinuc,NC_000907.1,"Haemophilus influenzae Rd KW20, complete genome.",8605.0,8597.0,0.0,0.0
islandpath_dinuc,NC_010498.1,"Escherichia coli SECEC SMS-3-5, complete genome.",27150.0,84348.0,498848.0,48927.0
islandpath_dinuc,NC_007335.2,"Prochlorococcus marinus str. NATL2A, complete genome.",0.0,13725.0,273320.0,18182.0
islandpath_dinuc,NC_004741.1,"Shigella flexneri 2a str. 2457T, complete genome.",37978.0,63303.0,403414.0,14317.0
islandpath_dinuc,NC_009485.1,"Bradyrhizobium sp. BTAi1, complete genome.",292331.0,34608.0,355519.0,564591.0
islandpath_dinuc,NC_009708.1,"Yersinia pseudotuberculosis IP 31758, complete genome.",46623.0,36449.0,103606.0,74553.0
islandpath_dinuc,NC_009052.1,"Shewanella baltica OS155, complete genome.",58992.0,43547.0,31917.0,31648.0
islandpath_dinuc,NC_009567.1,"Haemophilus influenzae PittGG, complete genome.",19253.0,8553.0,0.0,539.0
islandpath_dinuc,NC_006086.1,"Streptococcus pyogenes MGAS10394, complete genome.",30643.0,16316.0,108642.0,27721.0
islandpath_dinuc,NC_010473.1,"Escherichia coli str. K-12 substr. DH10B, complete genome.",30146.0,73499.0,447840.0,2956.0
islandpath_dinuc,NC_003047.1,"Sinorhizobium meliloti 1021, complete genome.",111218.0,46163.0,606913.0,11659.0
islandpath_dinuc,NC_002695.1,"Escherichia coli O157:H7 str. Sakai, complete genome.",232602.0,57353.0,457022.0,141196.0
islandpath_dinuc,NC_010515.1,"Burkholderia cenocepacia MC0-3 chromosome 2, complete sequence.",89345.0,12513.0,418882.0,50203.0
islandpath_dinuc,NC_007958.1,"Rhodopseudomonas palustris BisB5, complete genome.",118076.0,0.0,12807.0,30769.0
islandpath_dinuc,NC_009632.1,"Staphylococcus aureus subsp. aureus JH1, complete genome.",16631.0,33277.0,219026.0,0.0
islandpath_dinuc,NC_004088.1,"Yersinia pestis KIM, complete genome.",6804.0,89161.0,798962.0,1689.0
islandpath_dinuc,NC_007297.1,"Streptococcus pyogenes MGAS5005, complete genome.",9970.0,15316.0,171516.0,1818.0
islandpath_dinuc,NC_003198.1,"Salmonella enterica subsp. enterica serovar Typhi str. CT18, complete genome.",139846.0,48181.0,500579.0,12928.0
islandpath_dinuc,NC_007005.1,"Pseudomonas syringae pv. syringae B728a, complete genome.",60828.0,91448.0,404048.0,42227.0
islandpath_dinuc,NC_010400.1,"Acinetobacter baumannii, complete genome.",272.0,82506.0,914305.0,44704.0
islandpath_dinuc,NC_009445.1,"Bradyrhizobium sp. ORS278, complete genome.",197615.0,8774.0,52350.0,228878.0
islandpath_dinuc,NC_009504.1,"Brucella ovis ATCC 25840 chromosome II, complete sequence.",8994.0,14404.0,171958.0,3739.0
islandpath_dinuc,NC_009879.1,"Rickettsia canadensis str. McKiel, complete genome.",0.0,0.0,26601.0,22618.0
islandpath_dinuc,NC_004116.1,"Streptococcus agalactiae 2603V/R, complete genome.",9205.0,17851.0,182665.0,0.0
islandpath_dinuc,NC_006155.1,"Yersinia pseudotuberculosis IP 32953, complete genome.",54288.0,42161.0,194606.0,115764.0
islandpath_dinuc,NC_007651.1,"Burkholderia thailandensis E264 chromosome I, complete sequence.",48100.0,29459.0,735287.0,0.0
islandpath_dinuc,NC_009512.1,"Pseudomonas putida F1, complete genome.",82011.0,72720.0,167740.0,117870.0
islandpath_dinuc,NC_008595.1,"Mycobacterium avium 104, complete genome.",20773.0,3148.0,215925.0,64575.0
islandpath_dinuc,NC_009342.1,"Corynebacterium glutamicum R, complete genome.",50579.0,71166.0,1301870.0,62659.0
islandpath_dinuc,NC_007761.1,"Rhizobium etli CFN 42, complete genome.",126530.0,38561.0,589416.0,27650.0
islandpath_dinuc,NC_007793.1,"Staphylococcus aureus subsp. aureus USA300, complete genome.",20096.0,33247.0,255630.0,0.0
islandpath_dinuc,NC_009487.1,"Staphylococcus aureus subsp. aureus JH9, complete genome.",16631.0,33241.0,207514.0,0.0
islandpath_dinuc,NC_009438.1,"Shewanella putrefaciens CN-32, complete genome.",99910.0,48809.0,39978.0,80699.0
islandpath_dinuc,NC_008060.1,"Burkholderia cenocepacia AU 1054 chromosome 1, complete sequence.",41565.0,53975.0,636146.0,164975.0
islandpath_dinuc,NC_010084.1,"Burkholderia multivorans ATCC 17616 chromosome 1, complete sequence.",43916.0,28621.0,762868.0,0.0
islandpath_dinuc,NC_009782.1,"Staphylococcus aureus subsp. aureus Mu3, complete genome.",28239.0,32884.0,209811.0,71.0
islandpath_dinuc,NC_002944.2,"Mycobacterium avium subsp. paratuberculosis K-10, complete genome.",6001.0,11945.0,7943.0,40044.0
islandpath_dinuc,NC_004368.1,"Streptococcus agalactiae NEM316, complete genome.",28473.0,18375.0,178743.0,42110.0
islandpath_dinuc,NC_000913.2,"Escherichia coli str. K-12 substr. MG1655, complete genome.",26264.0,56491.0,182389.0,16447.0
islandpath_dinuc,NC_010465.1,"Yersinia pseudotuberculosis YPIII, complete genome.",46552.0,29956.0,90859.0,127808.0
islandpath_dinuc,NC_008611.1,"Mycobacterium ulcerans Agy99, complete genome.",5686.0,20234.0,265121.0,2475.0
islandpath_dinuc,AC_000091.1,"Escherichia coli W3110 DNA, complete genome.",20501.0,50577.0,201383.0,1796.0
islandpath_dinuc,NC_005773.3,"Pseudomonas syringae pv. phaseolicola 1448A, complete genome.",140073.0,98343.0,365016.0,64272.0
alien_hunter,NC_009665.1,"Shewanella baltica OS185, complete genome.",224940.0,65334.0,15560.0,40174.0
alien_hunter,NC_007606.1,"Shigella dysenteriae Sd197, complete genome.",26422.0,127409.0,287409.0,4251.0
alien_hunter,NC_006350.1,"Burkholderia pseudomallei K96243 chromosome 1, complete sequence.",54956.0,348789.0,482201.0,7893.0
alien_hunter,NC_004431.1,"Escherichia coli CFT073, complete genome.",278872.0,64210.0,459034.0,44844.0
alien_hunter,NC_003485.1,"Streptococcus pyogenes MGAS8232, complete genome.",9298.0,85036.0,80178.0,2654.0
alien_hunter,NC_008543.1,"Burkholderia cenocepacia HI2424 chromosome 2, complete sequence.",11095.0,119013.0,326877.0,0.0
alien_hunter,NC_003997.3,"Bacillus anthracis str. Ames, complete genome.",15188.0,349658.0,1141284.0,22161.0
alien_hunter,NC_010334.1,"Shewanella halifaxensis HAW-EB4, complete genome.",16364.0,67127.0,98850.0,32587.0
alien_hunter,NC_004722.1,"Bacillus cereus ATCC 14579, complete genome.",48206.0,121433.0,504019.0,8756.0
alien_hunter,NC_004606.1,"Streptococcus pyogenes SSI-1, complete genome.",10404.0,62725.0,69668.0,12565.0
alien_hunter,NC_010322.1,"Pseudomonas putida GB-1, complete genome.",198116.0,84907.0,134910.0,51994.0
alien_hunter,NC_007384.1,"Shigella sonnei Ss046, complete genome.",39539.0,181379.0,345291.0,2852.0
alien_hunter,NC_008819.1,"Prochlorococcus marinus str. NATL1A, complete genome.",15530.0,187441.0,115576.0,3471.0
alien_hunter,NC_004631.1,"Salmonella enterica subsp. enterica serovar Typhi Ty2, complete genome.",170106.0,182193.0,351893.0,3078.0
alien_hunter,NC_002655.2,"Escherichia coli O157:H7 EDL933, complete genome.",212643.0,77266.0,431387.0,85041.0
alien_hunter,NC_009801.1,"Escherichia coli E24377A, complete genome.",107741.0,103427.0,417503.0,22376.0
alien_hunter,NC_002758.2,"Staphylococcus aureus subsp. aureus Mu50, complete genome.",28309.0,83625.0,159069.0,0.0
alien_hunter,NC_008258.1,"Shigella flexneri 5 str. 8401, complete genome.",49287.0,100447.0,454230.0,3099.0
alien_hunter,NC_009997.1,"Shewanella baltica OS195, complete genome.",193564.0,52964.0,52910.0,37599.0
alien_hunter,NC_005945.1,"Bacillus anthracis str. Sterne, complete genome.",21188.0,524419.0,966515.0,16161.0
alien_hunter,NC_004459.2,"Vibrio vulnificus CMCP6 chromosome I, complete sequence.",49041.0,84054.0,30532.0,5398.0
alien_hunter,NC_009074.1,"Burkholderia pseudomallei 668 chromosome I, complete sequence.",34894.0,340271.0,452921.0,11459.0
alien_hunter,NC_007946.1,"Escherichia coli UTI89, complete genome.",169311.0,69288.0,488887.0,29863.0
alien_hunter,NC_004578.1,"Pseudomonas syringae pv. tomato str. DC3000, complete genome.",363496.0,99894.0,358685.0,42792.0
alien_hunter,NC_007146.2,"Haemophilus influenzae 86-028NP, complete genome.",69803.0,8599.0,0.0,746.0
alien_hunter,NC_007530.2,"Bacillus anthracis str. 'Ames Ancestor', complete genome.",22213.0,543535.0,947529.0,15136.0
alien_hunter,NC_003909.8,"Bacillus cereus ATCC 10987, complete genome.",70083.0,389663.0,1093537.0,33427.0
alien_hunter,NC_008577.1,"Shewanella sp. ANA-3 chromosome 1, complete sequence.",86839.0,38055.0,58939.0,14339.0
alien_hunter,NC_007613.1,"Shigella boydii Sb227, complete genome.",27348.0,81249.0,346900.0,7177.0
alien_hunter,NC_010167.1,"Brucella suis ATCC 23445 chromosome II, complete sequence.",45397.0,53333.0,133916.0,112470.0
alien_hunter,NC_008390.1,"Burkholderia cepacia AMMD chromosome 1, complete sequence.",9915.0,271071.0,436615.0,0.0
alien_hunter,NC_009901.1,"Shewanella pealeana ATCC 700345, complete genome.",36889.0,84162.0,133990.0,31074.0
alien_hunter,NC_010159.1,"Yersinia pestis Angola, complete genome.",18615.0,124492.0,628242.0,0.0
alien_hunter,NC_009900.1,"Rickettsia massiliae MTU5, complete genome.",15317.0,6870.0,13943.0,0.0
alien_hunter,NC_008750.1,"Shewanella sp. W3-18-1, complete genome.",180587.0,50243.0,51168.0,55471.0
alien_hunter,NC_007432.1,"Streptococcus agalactiae A909, complete genome.",32363.0,93073.0,107202.0,15207.0
alien_hunter,NC_003923.1,"Staphylococcus aureus subsp. aureus MW2, complete genome.",20097.0,121742.0,150630.0,0.0
alien_hunter,NC_005071.1,"Prochlorococcus marinus str. MIT 9313, complete genome.",46954.0,100993.0,100215.0,600.0
alien_hunter,NC_008600.1,"Bacillus thuringiensis str. Al Hakam, complete genome.",22152.0,553194.0,898579.0,13.0
alien_hunter,NC_008463.1,"Pseudomonas aeruginosa UCBPP-PA14, complete genome.",95778.0,70897.0,119614.0,44049.0
alien_hunter,NC_010551.1,"Burkholderia ambifaria MC40-6 chromosome 1, complete sequence.",13638.0,376603.0,429738.0,0.0
alien_hunter,NC_003197.1,"Salmonella typhimurium LT2, complete genome.",80547.0,135417.0,374771.0,410.0
alien_hunter,NC_008321.1,"Shewanella sp. MR-4, complete genome.",95179.0,52711.0,8759.0,54571.0
alien_hunter,NC_006511.1,"Salmonella enterica subsp. enterica serovar Paratyphi A str. ATCC 9150, complete genome.",10786.0,146615.0,376488.0,0.0
alien_hunter,NC_008563.1,"Escherichia coli APEC O1, complete genome.",103588.0,52513.0,535281.0,6105.0
alien_hunter,NC_008024.1,"Streptococcus pyogenes MGAS10750, complete genome.",48860.0,111335.0,73776.0,7.0
alien_hunter,NC_010410.1,"Acinetobacter baumannii AYE, complete genome.",87470.0,192057.0,796214.0,23149.0
alien_hunter,NC_004070.1,"Streptococcus pyogenes MGAS315, complete genome.",8671.0,70807.0,124616.0,1980.0
alien_hunter,NC_005139.1,"Vibrio vulnificus YJ016 chromosome I, complete sequence.",12686.0,84493.0,54137.0,23109.0
alien_hunter,NC_009783.1,"Vibrio harveyi ATCC BAA-1116 chromosome I, complete sequence.",127992.0,59215.0,85264.0,71983.0
alien_hunter,NC_009080.1,"Burkholderia mallei NCTC 10247 chromosome I, complete sequence.",10782.0,314805.0,377799.0,21315.0
alien_hunter,NC_008022.1,"Streptococcus pyogenes MGAS10270, complete genome.",14575.0,87898.0,96985.0,0.0
alien_hunter,NC_008253.1,"Escherichia coli 536, complete genome.",91447.0,92214.0,486997.0,0.0
alien_hunter,NC_007434.1,"Burkholderia pseudomallei 1710b chromosome I, complete sequence.",175224.0,269618.0,435831.0,47534.0
alien_hunter,NC_006905.1,"Salmonella enterica subsp. enterica serovar Choleraesuis str. SC-B67, complete genome.",28292.0,117962.0,448897.0,10693.0
alien_hunter,NC_010102.1,"Salmonella enterica subsp. enterica serovar Paratyphi B str. SPB7, complete genome.",24395.0,36771.0,483342.0,4500.0
alien_hunter,NC_007510.1,"Burkholderia sp. 383 chromosome 1, complete sequence.",95622.0,318200.0,515853.0,5625.0
alien_hunter,NC_009256.1,"Burkholderia vietnamiensis G4 chromosome 1, complete sequence.",328674.0,157464.0,473370.0,0.0
alien_hunter,NC_008023.1,"Streptococcus pyogenes MGAS2096, complete genome.",57103.0,133759.0,51172.0,0.0
alien_hunter,NC_008322.1,"Shewanella sp. MR-7, complete genome.",94944.0,59973.0,20691.0,47493.0
alien_hunter,NC_004337.1,"Shigella flexneri 2a str. 301, complete genome.",35975.0,162918.0,313762.0,0.0
alien_hunter,NC_009085.1,"Acinetobacter baumannii ATCC 17978, complete genome.",113539.0,222160.0,757449.0,39223.0
alien_hunter,NC_007778.1,"Rhodopseudomonas palustris HaA2, complete genome.",149410.0,13381.0,76732.0,138550.0
alien_hunter,NC_009800.1,"Escherichia coli HS, complete genome.",21300.0,120550.0,464594.0,14889.0
alien_hunter,NC_004347.1,"Shewanella oneidensis MR-1, complete genome.",23345.0,43509.0,46045.0,29186.0
alien_hunter,NC_009076.1,"Burkholderia pseudomallei 1106a chromosome I, complete sequence.",20738.0,280328.0,487640.0,0.0
alien_hunter,NC_004603.1,"Vibrio parahaemolyticus RIMD 2210633 chromosome I, complete sequence.",93991.0,65046.0,72718.0,27575.0
alien_hunter,NC_010380.1,"Streptococcus pneumoniae Hungary19A-6, complete genome.",63837.0,39010.0,2246.0,14640.0
alien_hunter,NC_010501.1,"Pseudomonas putida W619, complete genome.",231030.0,17746.0,87001.0,39676.0
alien_hunter,NC_008061.1,"Burkholderia cenocepacia AU 1054 chromosome 2, complete sequence.",9710.0,114987.0,316086.0,4164.0
alien_hunter,NC_002516.2,"Pseudomonas aeruginosa PAO1, complete genome.",36318.0,127151.0,83543.0,36512.0
alien_hunter,NC_010184.1,"Bacillus weihenstephanensis KBAB4, complete genome.",14446.0,314546.0,1185999.0,13913.0
alien_hunter,NC_002947.3,"Pseudomonas putida KT2440, complete genome.",256581.0,100638.0,154052.0,66254.0
alien_hunter,NC_010612.1,"Mycobacterium marinum M, complete genome.",175473.0,36065.0,708402.0,112488.0
alien_hunter,NC_010582.1,"Streptococcus pneumoniae CGSP14, complete genome.",26459.0,38820.0,2353.0,4175.0
alien_hunter,NC_000907.1,"Haemophilus influenzae Rd KW20, complete genome.",8605.0,8597.0,0.0,0.0
alien_hunter,NC_010498.1,"Escherichia coli SECEC SMS-3-5, complete genome.",42058.0,92218.0,490978.0,34019.0
alien_hunter,NC_007335.2,"Prochlorococcus marinus str. NATL2A, complete genome.",16032.0,180440.0,106605.0,2150.0
alien_hunter,NC_004741.1,"Shigella flexneri 2a str. 2457T, complete genome.",48213.0,101294.0,365423.0,4082.0
alien_hunter,NC_009485.1,"Bradyrhizobium sp. BTAi1, complete genome.",540013.0,85442.0,304685.0,316909.0
alien_hunter,NC_009708.1,"Yersinia pseudotuberculosis IP 31758, complete genome.",71533.0,41085.0,98970.0,49643.0
alien_hunter,NC_009052.1,"Shewanella baltica OS155, complete genome.",89711.0,37761.0,37703.0,929.0
alien_hunter,NC_009567.1,"Haemophilus influenzae PittGG, complete genome.",19790.0,8553.0,0.0,2.0
alien_hunter,NC_006086.1,"Streptococcus pyogenes MGAS10394, complete genome.",58086.0,109195.0,15763.0,278.0
alien_hunter,NC_010473.1,"Escherichia coli str. K-12 substr. DH10B, complete genome.",31006.0,141145.0,380194.0,2096.0
alien_hunter,NC_003047.1,"Sinorhizobium meliloti 1021, complete genome.",119127.0,224560.0,428516.0,3750.0
alien_hunter,NC_002695.1,"Escherichia coli O157:H7 str. Sakai, complete genome.",293449.0,91681.0,422694.0,80349.0
alien_hunter,NC_010515.1,"Burkholderia cenocepacia MC0-3 chromosome 2, complete sequence.",119028.0,141269.0,290126.0,20520.0
alien_hunter,NC_007958.1,"Rhodopseudomonas palustris BisB5, complete genome.",128285.0,6572.0,6235.0,20560.0
alien_hunter,NC_009632.1,"Staphylococcus aureus subsp. aureus JH1, complete genome.",16631.0,64515.0,187788.0,0.0
alien_hunter,NC_004088.1,"Yersinia pestis KIM, complete genome.",4273.0,142210.0,745913.0,4220.0
alien_hunter,NC_007297.1,"Streptococcus pyogenes MGAS5005, complete genome.",11788.0,135434.0,51398.0,0.0
alien_hunter,NC_003198.1,"Salmonella enterica subsp. enterica serovar Typhi str. CT18, complete genome.",150070.0,162772.0,385988.0,2704.0
alien_hunter,NC_007005.1,"Pseudomonas syringae pv. syringae B728a, complete genome.",90755.0,104481.0,391015.0,12300.0
alien_hunter,NC_010400.1,"Acinetobacter baumannii, complete genome.",42465.0,331668.0,665143.0,2511.0
alien_hunter,NC_009445.1,"Bradyrhizobium sp. ORS278, complete genome.",305011.0,16355.0,44769.0,121482.0
alien_hunter,NC_009504.1,"Brucella ovis ATCC 25840 chromosome II, complete sequence.",12733.0,57898.0,128464.0,0.0
alien_hunter,NC_009879.1,"Rickettsia canadensis str. McKiel, complete genome.",8149.0,17195.0,9406.0,14469.0
alien_hunter,NC_004116.1,"Streptococcus agalactiae 2603V/R, complete genome.",9205.0,82243.0,118273.0,0.0
alien_hunter,NC_006155.1,"Yersinia pseudotuberculosis IP 32953, complete genome.",88246.0,81466.0,155301.0,81806.0
alien_hunter,NC_007651.1,"Burkholderia thailandensis E264 chromosome I, complete sequence.",48100.0,291408.0,473338.0,0.0
alien_hunter,NC_009512.1,"Pseudomonas putida F1, complete genome.",126828.0,79277.0,161183.0,73053.0
alien_hunter,NC_008595.1,"Mycobacterium avium 104, complete genome.",82320.0,8070.0,211003.0,3028.0
alien_hunter,NC_009342.1,"Corynebacterium glutamicum R, complete genome.",103123.0,443212.0,929824.0,10115.0
alien_hunter,NC_007761.1,"Rhizobium etli CFN 42, complete genome.",150091.0,159798.0,468179.0,4089.0
alien_hunter,NC_007793.1,"Staphylococcus aureus subsp. aureus USA300, complete genome.",20096.0,118322.0,170555.0,0.0
alien_hunter,NC_009487.1,"Staphylococcus aureus subsp. aureus JH9, complete genome.",16631.0,68953.0,171802.0,0.0
alien_hunter,NC_009438.1,"Shewanella putrefaciens CN-32, complete genome.",132892.0,54793.0,33994.0,47717.0
alien_hunter,NC_008060.1,"Burkholderia cenocepacia AU 1054 chromosome 1, complete sequence.",84884.0,232530.0,457591.0,121656.0
alien_hunter,NC_010084.1,"Burkholderia multivorans ATCC 17616 chromosome 1, complete sequence.",43890.0,280021.0,511468.0,26.0
alien_hunter,NC_009782.1,"Staphylococcus aureus subsp. aureus Mu3, complete genome.",28310.0,102145.0,140550.0,0.0
alien_hunter,NC_002944.2,"Mycobacterium avium subsp. paratuberculosis K-10, complete genome.",46045.0,5194.0,14694.0,0.0
alien_hunter,NC_004368.1,"Streptococcus agalactiae NEM316, complete genome.",66179.0,94190.0,102928.0,4404.0
alien_hunter,NC_000913.2,"Escherichia coli str. K-12 substr. MG1655, complete genome.",35434.0,99708.0,139172.0,7277.0
alien_hunter,NC_010465.1,"Yersinia pseudotuberculosis YPIII, complete genome.",93541.0,47564.0,73251.0,80819.0
alien_hunter,NC_008611.1,"Mycobacterium ulcerans Agy99, complete genome.",8161.0,73182.0,212173.0,0.0
alien_hunter,AC_000091.1,"Escherichia coli W3110 DNA, complete genome.",22066.0,107191.0,144769.0,231.0
alien_hunter,NC_005773.3,"Pseudomonas syringae pv. phaseolicola 1448A, complete genome.",166642.0,86270.0,377089.0,37703.0
