accession,method,start,end
NC_003198.1,SSG-LUGIA-P,299101,353300
NC_003198.1,SSG-LUGIA-P,1536201,1565200
NC_003198.1,SSG-LUGIA-P,1623601,1643900
NC_003198.1,SSG-LUGIA-P,1871401,1928700
NC_003198.1,SSG-LUGIA-P,2860201,2885500
NC_003198.1,SSG-LUGIA-P,3516201,3553300
NC_003198.1,SSG-LUGIA-P,4317001,4341700
NC_003198.1,SSG-LUGIA-P,4400801,4532800
NC_003198.1,SSG-LUGIA-P,4686901,4713200
NC_003198.1,SSG-LUGIA-F,291501,354800
NC_003198.1,SSG-LUGIA-F,1010701,1046500
NC_003198.1,SSG-LUGIA-F,1535101,1566300
NC_003198.1,SSG-LUGIA-F,1621801,1644600
NC_003198.1,SSG-LUGIA-F,1869901,1929700
NC_003198.1,SSG-LUGIA-F,2111301,2134400
NC_003198.1,SSG-LUGIA-F,2750001,2764700
NC_003198.1,SSG-LUGIA-F,2854601,2892900
NC_003198.1,SSG-LUGIA-F,3035901,3057500
NC_003198.1,SSG-LUGIA-F,3513501,3562800
NC_003198.1,SSG-LUGIA-F,4234801,4249500
NC_003198.1,SSG-LUGIA-F,4316401,4344700
NC_003198.1,SSG-LUGIA-F,4399301,4534500
NC_003198.1,SSG-LUGIA-F,4680101,4715600
NC_003198.1,SSG-LUGIA-R,3501,16000
NC_003198.1,SSG-LUGIA-R,20001,34400
NC_003198.1,SSG-LUGIA-R,69301,80300
NC_003198.1,SSG-LUGIA-R,210401,225400
NC_003198.1,SSG-LUGIA-R,278301,372800
NC_003198.1,SSG-LUGIA-R,578701,595000
NC_003198.1,SSG-LUGIA-R,609001,623700
NC_003198.1,SSG-LUGIA-R,739201,780400
NC_003198.1,SSG-LUGIA-R,942401,961700
NC_003198.1,SSG-LUGIA-R,989001,1049400
NC_003198.1,SSG-LUGIA-R,1342501,1357100
NC_003198.1,SSG-LUGIA-R,1452801,1468000
NC_003198.1,SSG-LUGIA-R,1526801,1569400
NC_003198.1,SSG-LUGIA-R,1618701,1648600
NC_003198.1,SSG-LUGIA-R,1758101,1796300
NC_003198.1,SSG-LUGIA-R,1862401,1932000
NC_003198.1,SSG-LUGIA-R,2033201,2075400
NC_003198.1,SSG-LUGIA-R,2107801,2202900
NC_003198.1,SSG-LUGIA-R,2287901,2322900
NC_003198.1,SSG-LUGIA-R,2364501,2385700
NC_003198.1,SSG-LUGIA-R,2531801,2549200
NC_003198.1,SSG-LUGIA-R,2575201,2632200
NC_003198.1,SSG-LUGIA-R,2740301,2786200
NC_003198.1,SSG-LUGIA-R,2835001,2899600
NC_003198.1,SSG-LUGIA-R,3033701,3059500
NC_003198.1,SSG-LUGIA-R,3509601,3600400
NC_003198.1,SSG-LUGIA-R,3835701,3852000
NC_003198.1,SSG-LUGIA-R,3864801,3901300
NC_003198.1,SSG-LUGIA-R,4082201,4116500
NC_003198.1,SSG-LUGIA-R,4220601,4257600
NC_003198.1,SSG-LUGIA-R,4314901,4348300
NC_003198.1,SSG-LUGIA-R,4396401,4546600
NC_003198.1,SSG-LUGIA-R,4673901,4730100
NC_003198.1,Comp-only,292201,354700
NC_003198.1,Comp-only,1011101,1046100
NC_003198.1,Comp-only,1535101,1566300
NC_003198.1,Comp-only,1622001,1644600
NC_003198.1,Comp-only,1870001,1929600
NC_003198.1,Comp-only,2111401,2134000
NC_003198.1,Comp-only,2750501,2763900
NC_003198.1,Comp-only,2855101,2892900
NC_003198.1,Comp-only,3035901,3057300
NC_003198.1,Comp-only,3513501,3562600
NC_003198.1,Comp-only,4235301,4249400
NC_003198.1,Comp-only,4316401,4344600
NC_003198.1,Comp-only,4399401,4534400
NC_003198.1,Comp-only,4680101,4715500
NC_003198.1,Comp-only+center,297151,359650
NC_003198.1,Comp-only+center,1016051,1051050
NC_003198.1,Comp-only+center,1540051,1571250
NC_003198.1,Comp-only+center,1626951,1649550
NC_003198.1,Comp-only+center,1874951,1934550
NC_003198.1,Comp-only+center,2116351,2138950
NC_003198.1,Comp-only+center,2755451,2768850
NC_003198.1,Comp-only+center,2860051,2897850
NC_003198.1,Comp-only+center,3040851,3062250
NC_003198.1,Comp-only+center,3518451,3567550
NC_003198.1,Comp-only+center,4240251,4254350
NC_003198.1,Comp-only+center,4321351,4349550
NC_003198.1,Comp-only+center,4404351,4539350
NC_003198.1,Comp-only+center,4685051,4720450
NC_003198.1,DNABERT-2-only,293001,360000
NC_003198.1,DNABERT-2-only,757001,794000
NC_003198.1,DNABERT-2-only,1010001,1053000
NC_003198.1,DNABERT-2-only,1552001,1573000
NC_003198.1,DNABERT-2-only,1626001,1650000
NC_003198.1,DNABERT-2-only,1873001,1922000
NC_003198.1,DNABERT-2-only,2117001,2132000
NC_003198.1,DNABERT-2-only,2586001,2616000
NC_003198.1,DNABERT-2-only,2744001,2754000
NC_003198.1,DNABERT-2-only,2861001,2896000
NC_003198.1,DNABERT-2-only,3040001,3062000
NC_003198.1,DNABERT-2-only,3523001,3600000
NC_003198.1,DNABERT-2-only,4227001,4245000
NC_003198.1,DNABERT-2-only,4318001,4346000
NC_003198.1,DNABERT-2-only,4404001,4531000
NC_003198.1,DNABERT-S-only,286001,361000
NC_003198.1,DNABERT-S-only,1000001,1053000
NC_003198.1,DNABERT-S-only,1538001,1575000
NC_003198.1,DNABERT-S-only,1625001,1652000
NC_003198.1,DNABERT-S-only,1873001,1936000
NC_003198.1,DNABERT-S-only,2118001,2130000
NC_003198.1,DNABERT-S-only,2862001,2902000
NC_003198.1,DNABERT-S-only,3043001,3061000
NC_003198.1,DNABERT-S-only,3515001,3600000
NC_003198.1,DNABERT-S-only,4247001,4257000
NC_003198.1,DNABERT-S-only,4321001,4346000
NC_003198.1,DNABERT-S-only,4403001,4543000
NC_003198.1,DNABERT-S-only,4683001,4721000
NC_003198.1,SAGE-GI,293001,361000
NC_003198.1,SAGE-GI,1000001,1053000
NC_003198.1,SAGE-GI,1538001,1575000
NC_003198.1,SAGE-GI,1625001,1652000
NC_003198.1,SAGE-GI,1873001,1936000
NC_003198.1,SAGE-GI,2118001,2130000
NC_003198.1,SAGE-GI,2748551,2768950
NC_003198.1,SAGE-GI,2862001,2900000
NC_003198.1,SAGE-GI,3043001,3061000
NC_003198.1,SAGE-GI,3512001,3600000
NC_003198.1,SAGE-GI,4247001,4257000
NC_003198.1,SAGE-GI,4321001,4346000
NC_003198.1,SAGE-GI,4403001,4543000
NC_003198.1,SAGE-GI,4683001,4721000
NC_003198.1,SAGE-GI-P,325001,361000
NC_003198.1,SAGE-GI-P,1000001,1053000
NC_003198.1,SAGE-GI-P,1540001,1575000
NC_003198.1,SAGE-GI-P,1625001,1639000
NC_003198.1,SAGE-GI-P,1873001,1921000
NC_003198.1,SAGE-GI-P,3043001,3061000
NC_003198.1,SAGE-GI-P,3512001,3600000
NC_003198.1,SAGE-GI-P,4247001,4257000
NC_003198.1,SAGE-GI-P,4321001,4346000
NC_003198.1,SAGE-GI-P,4403001,4543000
NC_003198.1,SAGE-GI-P,4683001,4721000
NC_003198.1,SAGE-GI-F,293001,361000
NC_003198.1,SAGE-GI-F,1000001,1053000
NC_003198.1,SAGE-GI-F,1538001,1575000
NC_003198.1,SAGE-GI-F,1625001,1652000
NC_003198.1,SAGE-GI-F,1873001,1936000
NC_003198.1,SAGE-GI-F,2118001,2130000
NC_003198.1,SAGE-GI-F,2748551,2768950
NC_003198.1,SAGE-GI-F,2862001,2900000
NC_003198.1,SAGE-GI-F,3043001,3061000
NC_003198.1,SAGE-GI-F,3512001,3600000
NC_003198.1,SAGE-GI-F,4247001,4257000
NC_003198.1,SAGE-GI-F,4321001,4346000
NC_003198.1,SAGE-GI-F,4403001,4543000
NC_003198.1,SAGE-GI-F,4683001,4721000
NC_003198.1,SAGE-GI-R,8451,42350
NC_003198.1,SAGE-GI-R,63051,91250
NC_003198.1,SAGE-GI-R,177251,192550
NC_003198.1,SAGE-GI-R,283651,362350
NC_003198.1,SAGE-GI-R,381651,395950
NC_003198.1,SAGE-GI-R,412951,424250
NC_003198.1,SAGE-GI-R,476951,502050
NC_003198.1,SAGE-GI-R,602051,610150
NC_003198.1,SAGE-GI-R,752951,793350
NC_003198.1,SAGE-GI-R,951351,962950
NC_003198.1,SAGE-GI-R,992151,1054450
NC_003198.1,SAGE-GI-R,1081651,1094150
NC_003198.1,SAGE-GI-R,1124551,1140250
NC_003198.1,SAGE-GI-R,1172251,1185650
NC_003198.1,SAGE-GI-R,1314951,1325150
NC_003198.1,SAGE-GI-R,1341451,1365350
NC_003198.1,SAGE-GI-R,1445951,1481050
NC_003198.1,SAGE-GI-R,1534051,1574250
NC_003198.1,SAGE-GI-R,1622751,1652950
NC_003198.1,SAGE-GI-R,1701451,1722150
NC_003198.1,SAGE-GI-R,1763251,1794050
NC_003198.1,SAGE-GI-R,1805951,1816050
NC_003198.1,SAGE-GI-R,1868851,1935750
NC_003198.1,SAGE-GI-R,2042551,2063750
NC_003198.1,SAGE-GI-R,2075651,2091050
NC_003198.1,SAGE-GI-R,2108651,2157050
NC_003198.1,SAGE-GI-R,2175851,2208750
NC_003198.1,SAGE-GI-R,2294751,2316450
NC_003198.1,SAGE-GI-R,2334251,2345450
NC_003198.1,SAGE-GI-R,2377051,2391250
NC_003198.1,SAGE-GI-R,2457851,2469250
NC_003198.1,SAGE-GI-R,2522751,2538150
NC_003198.1,SAGE-GI-R,2581751,2617250
NC_003198.1,SAGE-GI-R,2708751,2722350
NC_003198.1,SAGE-GI-R,2740051,2784250
NC_003198.1,SAGE-GI-R,2845051,2904750
NC_003198.1,SAGE-GI-R,2936151,2960150
NC_003198.1,SAGE-GI-R,3038851,3067250
NC_003198.1,SAGE-GI-R,3130951,3162550
NC_003198.1,SAGE-GI-R,3271751,3286350
NC_003198.1,SAGE-GI-R,3301351,3318950
NC_003198.1,SAGE-GI-R,3368851,3383350
NC_003198.1,SAGE-GI-R,3412851,3426950
NC_003198.1,SAGE-GI-R,3511051,3608750
NC_003198.1,SAGE-GI-R,3738251,3787350
NC_003198.1,SAGE-GI-R,3822051,3839450
NC_003198.1,SAGE-GI-R,3857351,3870950
NC_003198.1,SAGE-GI-R,3887051,3905950
NC_003198.1,SAGE-GI-R,3928351,3942350
NC_003198.1,SAGE-GI-R,3958951,3970150
NC_003198.1,SAGE-GI-R,4079551,4096650
NC_003198.1,SAGE-GI-R,4189351,4203350
NC_003198.1,SAGE-GI-R,4217551,4271950
NC_003198.1,SAGE-GI-R,4318951,4349950
NC_003198.1,SAGE-GI-R,4403551,4549850
NC_003198.1,SAGE-GI-R,4677451,4753050
NC_003198.1,SAGE-GI(D2),294001,360000
NC_003198.1,SAGE-GI(D2),1000001,1053000
NC_003198.1,SAGE-GI(D2),1552001,1573000
NC_003198.1,SAGE-GI(D2),1626001,1650000
NC_003198.1,SAGE-GI(D2),1873001,1936000
NC_003198.1,SAGE-GI(D2),2117001,2132000
NC_003198.1,SAGE-GI(D2),2586001,2616000
NC_003198.1,SAGE-GI(D2),2744001,2754000
NC_003198.1,SAGE-GI(D2),2861001,2896000
NC_003198.1,SAGE-GI(D2),3040001,3062000
NC_003198.1,SAGE-GI(D2),3523001,3600000
NC_003198.1,SAGE-GI(D2),4227001,4245000
NC_003198.1,SAGE-GI(D2),4318001,4346000
NC_003198.1,SAGE-GI(D2),4404001,4531000
NC_003198.1,SAGE-GI(D2),4682001,4706000
NC_003198.1,SAGE-GI/detrend=250kb,1001,79000
NC_003198.1,SAGE-GI/detrend=250kb,313001,361000
NC_003198.1,SAGE-GI/detrend=250kb,999001,1068000
NC_003198.1,SAGE-GI/detrend=250kb,1540001,1575000
NC_003198.1,SAGE-GI/detrend=250kb,1625001,1639000
NC_003198.1,SAGE-GI/detrend=250kb,1873001,1921000
NC_003198.1,SAGE-GI/detrend=250kb,2862001,2902000
NC_003198.1,SAGE-GI/detrend=250kb,3043001,3061000
NC_003198.1,SAGE-GI/detrend=250kb,3512001,3600000
NC_003198.1,SAGE-GI/detrend=250kb,4321001,4346000
NC_003198.1,SAGE-GI/detrend=250kb,4403001,4543000
NC_003198.1,SAGE-GI/detrend=250kb,4683001,4808000
NC_003198.1,SAGE-GI/no-refine,296851,360050
NC_003198.1,SAGE-GI/no-refine,1010251,1050950
NC_003198.1,SAGE-GI/no-refine,1538451,1572050
NC_003198.1,SAGE-GI/no-refine,1624951,1649550
NC_003198.1,SAGE-GI/no-refine,1875551,1934150
NC_003198.1,SAGE-GI/no-refine,2114951,2136350
NC_003198.1,SAGE-GI/no-refine,2748551,2768950
NC_003198.1,SAGE-GI/no-refine,2864951,2900650
NC_003198.1,SAGE-GI/no-refine,3040651,3062650
NC_003198.1,SAGE-GI/no-refine,3517151,3603350
NC_003198.1,SAGE-GI/no-refine,4237651,4256950
NC_003198.1,SAGE-GI/no-refine,4320351,4347850
NC_003198.1,SAGE-GI/no-refine,4405251,4540050
NC_003198.1,SAGE-GI/no-refine,4681251,4721650
NC_003198.1,SAGE-GI/start-assign,286001,361000
NC_003198.1,SAGE-GI/start-assign,1000001,1054000
NC_003198.1,SAGE-GI/start-assign,1540001,1575000
NC_003198.1,SAGE-GI/start-assign,1625001,1639000
NC_003198.1,SAGE-GI/start-assign,1873001,1921000
NC_003198.1,SAGE-GI/start-assign,2118001,2133000
NC_003198.1,SAGE-GI/start-assign,2862001,2902000
NC_003198.1,SAGE-GI/start-assign,3043001,3061000
NC_003198.1,SAGE-GI/start-assign,3523001,3600000
NC_003198.1,SAGE-GI/start-assign,4222001,4257000
NC_003198.1,SAGE-GI/start-assign,4403001,4543000
NC_003198.1,SAGE-GI/start-assign,4683001,4721000
NC_003198.1,SAGE-GI/d=16,286001,361000
NC_003198.1,SAGE-GI/d=16,999001,1044000
NC_003198.1,SAGE-GI/d=16,1542001,1572000
NC_003198.1,SAGE-GI/d=16,1626001,1651000
NC_003198.1,SAGE-GI/d=16,1873001,1937000
NC_003198.1,SAGE-GI/d=16,2118001,2130000
NC_003198.1,SAGE-GI/d=16,2733001,2759000
NC_003198.1,SAGE-GI/d=16,2861001,2900000
NC_003198.1,SAGE-GI/d=16,3041001,3061000
NC_003198.1,SAGE-GI/d=16,3523001,3601000
NC_003198.1,SAGE-GI/d=16,4321001,4348000
NC_003198.1,SAGE-GI/d=16,4403001,4535000
NC_003198.1,SAGE-GI/d=16,4683001,4726000
NC_002935.2,SSG-LUGIA-P,143901,193100
NC_002935.2,SSG-LUGIA-P,446101,457400
NC_002935.2,SSG-LUGIA-P,1865801,1885600
NC_002935.2,SSG-LUGIA-F,142401,195700
NC_002935.2,SSG-LUGIA-F,353701,366800
NC_002935.2,SSG-LUGIA-F,443601,461900
NC_002935.2,SSG-LUGIA-F,1864101,1887500
NC_002935.2,SSG-LUGIA-F,2041901,2063200
NC_002935.2,SSG-LUGIA-R,13301,73900
NC_002935.2,SSG-LUGIA-R,82901,94200
NC_002935.2,SSG-LUGIA-R,129601,264000
NC_002935.2,SSG-LUGIA-R,281601,315200
NC_002935.2,SSG-LUGIA-R,340301,393500
NC_002935.2,SSG-LUGIA-R,438401,487700
NC_002935.2,SSG-LUGIA-R,575201,587200
NC_002935.2,SSG-LUGIA-R,726101,748400
NC_002935.2,SSG-LUGIA-R,770701,793700
NC_002935.2,SSG-LUGIA-R,929001,966400
NC_002935.2,SSG-LUGIA-R,1150501,1209700
NC_002935.2,SSG-LUGIA-R,1857601,1902900
NC_002935.2,SSG-LUGIA-R,1985501,2002400
NC_002935.2,SSG-LUGIA-R,2037201,2142300
NC_002935.2,SSG-LUGIA-R,2159601,2171900
NC_002935.2,SSG-LUGIA-R,2175401,2185400
NC_002935.2,SSG-LUGIA-R,2198001,2266400
NC_002935.2,SSG-LUGIA-R,2274301,2318700
NC_002935.2,SSG-LUGIA-R,2442101,2464300
NC_002935.2,Comp-only,142401,195700
NC_002935.2,Comp-only,353701,366800
NC_002935.2,Comp-only,443701,461700
NC_002935.2,Comp-only,1864101,1887500
NC_002935.2,Comp-only,2042101,2063300
NC_002935.2,Comp-only+center,147351,200650
NC_002935.2,Comp-only+center,358651,371750
NC_002935.2,Comp-only+center,448651,466650
NC_002935.2,Comp-only+center,1869051,1892450
NC_002935.2,Comp-only+center,2047051,2068250
NC_002935.2,DNABERT-2-only,156001,204000
NC_002935.2,DNABERT-2-only,249001,268000
NC_002935.2,DNABERT-2-only,383001,493000
NC_002935.2,DNABERT-2-only,1861001,1880000
NC_002935.2,DNABERT-S-only,53001,70000
NC_002935.2,DNABERT-S-only,156001,203000
NC_002935.2,DNABERT-S-only,243001,264000
NC_002935.2,DNABERT-S-only,446001,475000
NC_002935.2,DNABERT-S-only,726001,753000
NC_002935.2,DNABERT-S-only,774001,798000
NC_002935.2,DNABERT-S-only,1142001,1191000
NC_002935.2,DNABERT-S-only,1865001,1879000
NC_002935.2,SAGE-GI,53001,70000
NC_002935.2,SAGE-GI,156001,213000
NC_002935.2,SAGE-GI,248001,263000
NC_002935.2,SAGE-GI,443001,475000
NC_002935.2,SAGE-GI,774001,798000
NC_002935.2,SAGE-GI,1865001,1879000
NC_002935.2,SAGE-GI,2460001,2486000
NC_002935.2,SAGE-GI-P,156001,203000
NC_002935.2,SAGE-GI-P,243001,264000
NC_002935.2,SAGE-GI-P,443001,475000
NC_002935.2,SAGE-GI-P,1865001,1879000
NC_002935.2,SAGE-GI-P,2460001,2486000
NC_002935.2,SAGE-GI-F,53001,70000
NC_002935.2,SAGE-GI-F,156001,213000
NC_002935.2,SAGE-GI-F,248001,263000
NC_002935.2,SAGE-GI-F,443001,475000
NC_002935.2,SAGE-GI-F,774001,798000
NC_002935.2,SAGE-GI-F,1865001,1879000
NC_002935.2,SAGE-GI-F,2460001,2486000
NC_002935.2,SAGE-GI-R,20751,78050
NC_002935.2,SAGE-GI-R,89151,113450
NC_002935.2,SAGE-GI-R,135451,206150
NC_002935.2,SAGE-GI-R,228651,268150
NC_002935.2,SAGE-GI-R,293051,316150
NC_002935.2,SAGE-GI-R,363051,384250
NC_002935.2,SAGE-GI-R,405651,418450
NC_002935.2,SAGE-GI-R,435451,500450
NC_002935.2,SAGE-GI-R,554151,567250
NC_002935.2,SAGE-GI-R,576851,600050
NC_002935.2,SAGE-GI-R,727251,754350
NC_002935.2,SAGE-GI-R,773251,799650
NC_002935.2,SAGE-GI-R,859951,883550
NC_002935.2,SAGE-GI-R,935751,974850
NC_002935.2,SAGE-GI-R,1069751,1077850
NC_002935.2,SAGE-GI-R,1166551,1198050
NC_002935.2,SAGE-GI-R,1261251,1269350
NC_002935.2,SAGE-GI-R,1559851,1575350
NC_002935.2,SAGE-GI-R,1683051,1694750
NC_002935.2,SAGE-GI-R,1862151,1897650
NC_002935.2,SAGE-GI-R,1920251,1940850
NC_002935.2,SAGE-GI-R,1987351,2014750
NC_002935.2,SAGE-GI-R,2045551,2072050
NC_002935.2,SAGE-GI-R,2090051,2150350
NC_002935.2,SAGE-GI-R,2178451,2196850
NC_002935.2,SAGE-GI-R,2220951,2274650
NC_002935.2,SAGE-GI-R,2299651,2322150
NC_002935.2,SAGE-GI-R,2358451,2377150
NC_002935.2,SAGE-GI-R,2429151,2443050
NC_002935.2,SAGE-GI-R,2458451,2483650
NC_002935.2,SAGE-GI(D2),26001,62000
NC_002935.2,SAGE-GI(D2),156001,204000
NC_002935.2,SAGE-GI(D2),319001,335000
NC_002935.2,SAGE-GI(D2),424751,475000
NC_002935.2,SAGE-GI(D2),781001,794000
NC_002935.2,SAGE-GI(D2),1861001,1880000
NC_002935.2,SAGE-GI/detrend=250kb,1001,89000
NC_002935.2,SAGE-GI/detrend=250kb,154001,192000
NC_002935.2,SAGE-GI/detrend=250kb,1863001,1880000
NC_002935.2,SAGE-GI/detrend=250kb,2293001,2321000
NC_002935.2,SAGE-GI/detrend=250kb,2409001,2487000
NC_002935.2,SAGE-GI/no-refine,47651,70650
NC_002935.2,SAGE-GI/no-refine,148751,197750
NC_002935.2,SAGE-GI/no-refine,239051,262150
NC_002935.2,SAGE-GI/no-refine,446151,484250
NC_002935.2,SAGE-GI/no-refine,777451,797950
NC_002935.2,SAGE-GI/no-refine,1866751,1890650
NC_002935.2,SAGE-GI/no-refine,2463651,2475550
NC_002935.2,SAGE-GI/start-assign,53001,70000
NC_002935.2,SAGE-GI/start-assign,156001,203000
NC_002935.2,SAGE-GI/start-assign,243001,264000
NC_002935.2,SAGE-GI/start-assign,446001,475000
NC_002935.2,SAGE-GI/start-assign,774001,802000
NC_002935.2,SAGE-GI/start-assign,1865001,1879000
NC_002935.2,SAGE-GI/start-assign,2460001,2486000
NC_002935.2,SAGE-GI/d=16,145001,190000
NC_002935.2,SAGE-GI/d=16,446851,467350
NC_002935.2,SAGE-GI/d=16,769001,802000
NC_002935.2,SAGE-GI/d=16,946001,969000
NC_002935.2,SAGE-GI/d=16,1866001,1883000
NC_002935.2,SAGE-GI/d=16,2460001,2474000
NC_011770.1,SSG-LUGIA-P,690101,751900
NC_011770.1,SSG-LUGIA-P,860901,902400
NC_011770.1,SSG-LUGIA-P,1443101,1455800
NC_011770.1,SSG-LUGIA-P,1591101,1608000
NC_011770.1,SSG-LUGIA-P,2496701,2547400
NC_011770.1,SSG-LUGIA-P,2691301,2736500
NC_011770.1,SSG-LUGIA-P,2799501,2905200
NC_011770.1,SSG-LUGIA-P,3046101,3073200
NC_011770.1,SSG-LUGIA-P,3144801,3188900
NC_011770.1,SSG-LUGIA-P,3400101,3419500
NC_011770.1,SSG-LUGIA-P,4926001,4965100
NC_011770.1,SSG-LUGIA-F,687701,754100
NC_011770.1,SSG-LUGIA-F,857501,903800
NC_011770.1,SSG-LUGIA-F,1433401,1466300
NC_011770.1,SSG-LUGIA-F,1585101,1612600
NC_011770.1,SSG-LUGIA-F,2045101,2066200
NC_011770.1,SSG-LUGIA-F,2232401,2255700
NC_011770.1,SSG-LUGIA-F,2496201,2549500
NC_011770.1,SSG-LUGIA-F,2639901,2656100
NC_011770.1,SSG-LUGIA-F,2690101,2736600
NC_011770.1,SSG-LUGIA-F,2795701,2908700
NC_011770.1,SSG-LUGIA-F,3043901,3073900
NC_011770.1,SSG-LUGIA-F,3141101,3189900
NC_011770.1,SSG-LUGIA-F,3384601,3422700
NC_011770.1,SSG-LUGIA-F,4770901,4791800
NC_011770.1,SSG-LUGIA-F,4925701,4966600
NC_011770.1,SSG-LUGIA-F,5654101,5675700
NC_011770.1,SSG-LUGIA-R,177601,194100
NC_011770.1,SSG-LUGIA-R,203401,214300
NC_011770.1,SSG-LUGIA-R,618201,640600
NC_011770.1,SSG-LUGIA-R,674601,774900
NC_011770.1,SSG-LUGIA-R,846101,904800
NC_011770.1,SSG-LUGIA-R,1299701,1311700
NC_011770.1,SSG-LUGIA-R,1431001,1493500
NC_011770.1,SSG-LUGIA-R,1575701,1614900
NC_011770.1,SSG-LUGIA-R,1682101,1715000
NC_011770.1,SSG-LUGIA-R,1913701,1929000
NC_011770.1,SSG-LUGIA-R,1951801,1970800
NC_011770.1,SSG-LUGIA-R,2042701,2067800
NC_011770.1,SSG-LUGIA-R,2133801,2162200
NC_011770.1,SSG-LUGIA-R,2214901,2268800
NC_011770.1,SSG-LUGIA-R,2489301,2555800
NC_011770.1,SSG-LUGIA-R,2589501,2610300
NC_011770.1,SSG-LUGIA-R,2623001,2917600
NC_011770.1,SSG-LUGIA-R,3041101,3191400
NC_011770.1,SSG-LUGIA-R,3228301,3253500
NC_011770.1,SSG-LUGIA-R,3255501,3312200
NC_011770.1,SSG-LUGIA-R,3361701,3427100
NC_011770.1,SSG-LUGIA-R,3466401,3512700
NC_011770.1,SSG-LUGIA-R,3729601,3794400
NC_011770.1,SSG-LUGIA-R,3892201,3902700
NC_011770.1,SSG-LUGIA-R,4004601,4029600
NC_011770.1,SSG-LUGIA-R,4176101,4194000
NC_011770.1,SSG-LUGIA-R,4437801,4537600
NC_011770.1,SSG-LUGIA-R,4646101,4696000
NC_011770.1,SSG-LUGIA-R,4754101,4812600
NC_011770.1,SSG-LUGIA-R,4924901,4979900
NC_011770.1,SSG-LUGIA-R,5071601,5096200
NC_011770.1,SSG-LUGIA-R,5108301,5150000
NC_011770.1,SSG-LUGIA-R,5268101,5293300
NC_011770.1,SSG-LUGIA-R,5364301,5389600
NC_011770.1,SSG-LUGIA-R,5648101,5687600
NC_011770.1,SSG-LUGIA-R,5949401,6023200
NC_011770.1,SSG-LUGIA-R,6141401,6155100
NC_011770.1,SSG-LUGIA-R,6251501,6262400
NC_011770.1,SSG-LUGIA-R,6580401,6591800
NC_011770.1,Comp-only,687801,754100
NC_011770.1,Comp-only,857501,903800
NC_011770.1,Comp-only,1433401,1466000
NC_011770.1,Comp-only,1584901,1612500
NC_011770.1,Comp-only,2045201,2066200
NC_011770.1,Comp-only,2232501,2255500
NC_011770.1,Comp-only,2496201,2549200
NC_011770.1,Comp-only,2640201,2655700
NC_011770.1,Comp-only,2690201,2736600
NC_011770.1,Comp-only,2795901,2908600
NC_011770.1,Comp-only,3043901,3073800
NC_011770.1,Comp-only,3141201,3189900
NC_011770.1,Comp-only,3384701,3422700
NC_011770.1,Comp-only,4925701,4966600
NC_011770.1,Comp-only,5654201,5675700
NC_011770.1,Comp-only+center,692751,759050
NC_011770.1,Comp-only+center,862451,908750
NC_011770.1,Comp-only+center,1438351,1470950
NC_011770.1,Comp-only+center,1589851,1617450
NC_011770.1,Comp-only+center,2050151,2071150
NC_011770.1,Comp-only+center,2237451,2260450
NC_011770.1,Comp-only+center,2501151,2554150
NC_011770.1,Comp-only+center,2645151,2660650
NC_011770.1,Comp-only+center,2695151,2741550
NC_011770.1,Comp-only+center,2800851,2913550
NC_011770.1,Comp-only+center,3048851,3078750
NC_011770.1,Comp-only+center,3146151,3194850
NC_011770.1,Comp-only+center,3389651,3427650
NC_011770.1,Comp-only+center,4930651,4971550
NC_011770.1,Comp-only+center,5659151,5680650
NC_011770.1,DNABERT-2-only,674001,761000
NC_011770.1,DNABERT-2-only,865001,906000
NC_011770.1,DNABERT-2-only,1433001,1500000
NC_011770.1,DNABERT-2-only,1685001,1711000
NC_011770.1,DNABERT-2-only,2053001,2065000
NC_011770.1,DNABERT-2-only,2504001,2553000
NC_011770.1,DNABERT-2-only,2701001,2907000
NC_011770.1,DNABERT-2-only,3051001,3074000
NC_011770.1,DNABERT-2-only,3158001,3190000
NC_011770.1,DNABERT-2-only,3379001,3431000
NC_011770.1,DNABERT-2-only,3810051,3820350
NC_011770.1,DNABERT-2-only,4647001,4707000
NC_011770.1,DNABERT-2-only,4932001,4961000
NC_011770.1,DNABERT-2-only,5085001,5139000
NC_011770.1,DNABERT-2-only,5654001,5685000
NC_011770.1,DNABERT-2-only,6584051,6596250
NC_011770.1,DNABERT-S-only,698001,739000
NC_011770.1,DNABERT-S-only,862001,908000
NC_011770.1,DNABERT-S-only,1434001,1479000
NC_011770.1,DNABERT-S-only,1682001,1724000
NC_011770.1,DNABERT-S-only,2053001,2065000
NC_011770.1,DNABERT-S-only,2504001,2548000
NC_011770.1,DNABERT-S-only,2689001,2739000
NC_011770.1,DNABERT-S-only,2778001,2916000
NC_011770.1,DNABERT-S-only,3056001,3073000
NC_011770.1,DNABERT-S-only,3162001,3211000
NC_011770.1,DNABERT-S-only,3387001,3421000
NC_011770.1,DNABERT-S-only,4932001,4961000
NC_011770.1,DNABERT-S-only,5114001,5128000
NC_011770.1,SAGE-GI,698001,769000
NC_011770.1,SAGE-GI,862001,908000
NC_011770.1,SAGE-GI,1434001,1479000
NC_011770.1,SAGE-GI,1682001,1724000
NC_011770.1,SAGE-GI,2053001,2065000
NC_011770.1,SAGE-GI,2504001,2548000
NC_011770.1,SAGE-GI,2689001,2914000
NC_011770.1,SAGE-GI,3056001,3073000
NC_011770.1,SAGE-GI,3162001,3211000
NC_011770.1,SAGE-GI,3387001,3421000
NC_011770.1,SAGE-GI,4770001,4816000
NC_011770.1,SAGE-GI,4932001,4961000
NC_011770.1,SAGE-GI,5113001,5128000
NC_011770.1,SAGE-GI-P,698001,749000
NC_011770.1,SAGE-GI-P,862001,908000
NC_011770.1,SAGE-GI-P,1434001,1479000
NC_011770.1,SAGE-GI-P,1682001,1724000
NC_011770.1,SAGE-GI-P,2504001,2548000
NC_011770.1,SAGE-GI-P,2689001,2739000
NC_011770.1,SAGE-GI-P,2797001,2914000
NC_011770.1,SAGE-GI-P,3056001,3073000
NC_011770.1,SAGE-GI-P,3162001,3192000
NC_011770.1,SAGE-GI-P,3387001,3421000
NC_011770.1,SAGE-GI-P,4932001,4961000
NC_011770.1,SAGE-GI-F,698001,769000
NC_011770.1,SAGE-GI-F,862001,908000
NC_011770.1,SAGE-GI-F,1434001,1479000
NC_011770.1,SAGE-GI-F,1682001,1724000
NC_011770.1,SAGE-GI-F,2053001,2065000
NC_011770.1,SAGE-GI-F,2504001,2548000
NC_011770.1,SAGE-GI-F,2689001,2914000
NC_011770.1,SAGE-GI-F,3056001,3073000
NC_011770.1,SAGE-GI-F,3162001,3211000
NC_011770.1,SAGE-GI-F,3387001,3421000
NC_011770.1,SAGE-GI-F,4770001,4816000
NC_011770.1,SAGE-GI-F,4932001,4961000
NC_011770.1,SAGE-GI-F,5113001,5128000
NC_011770.1,SAGE-GI-R,42251,61150
NC_011770.1,SAGE-GI-R,123051,134650
NC_011770.1,SAGE-GI-R,217651,232050
NC_011770.1,SAGE-GI-R,283351,299150
NC_011770.1,SAGE-GI-R,327051,336150
NC_011770.1,SAGE-GI-R,444851,464950
NC_011770.1,SAGE-GI-R,545951,559350
NC_011770.1,SAGE-GI-R,615751,650650
NC_011770.1,SAGE-GI-R,664251,680150
NC_011770.1,SAGE-GI-R,691851,741750
NC_011770.1,SAGE-GI-R,752951,783150
NC_011770.1,SAGE-GI-R,855751,910250
NC_011770.1,SAGE-GI-R,965451,981050
NC_011770.1,SAGE-GI-R,1054751,1062750
NC_011770.1,SAGE-GI-R,1110451,1119550
NC_011770.1,SAGE-GI-R,1228851,1239650
NC_011770.1,SAGE-GI-R,1258651,1274550
NC_011770.1,SAGE-GI-R,1295751,1314650
NC_011770.1,SAGE-GI-R,1349851,1365750
NC_011770.1,SAGE-GI-R,1432651,1517550
NC_011770.1,SAGE-GI-R,1594451,1620350
NC_011770.1,SAGE-GI-R,1679551,1723350
NC_011770.1,SAGE-GI-R,1811451,1828950
NC_011770.1,SAGE-GI-R,1860451,1874050
NC_011770.1,SAGE-GI-R,1911051,1927150
NC_011770.1,SAGE-GI-R,2043351,2073250
NC_011770.1,SAGE-GI-R,2150151,2168450
NC_011770.1,SAGE-GI-R,2210651,2281150
NC_011770.1,SAGE-GI-R,2413951,2426850
NC_011770.1,SAGE-GI-R,2447951,2459250
NC_011770.1,SAGE-GI-R,2474851,2558850
NC_011770.1,SAGE-GI-R,2583451,2624350
NC_011770.1,SAGE-GI-R,2638551,2677450
NC_011770.1,SAGE-GI-R,2690651,2930450
NC_011770.1,SAGE-GI-R,3008751,3017750
NC_011770.1,SAGE-GI-R,3045851,3080150
NC_011770.1,SAGE-GI-R,3121451,3136950
NC_011770.1,SAGE-GI-R,3147851,3195950
NC_011770.1,SAGE-GI-R,3210151,3222550
NC_011770.1,SAGE-GI-R,3294451,3312050
NC_011770.1,SAGE-GI-R,3382151,3430550
NC_011770.1,SAGE-GI-R,3489851,3499850
NC_011770.1,SAGE-GI-R,3517451,3535150
NC_011770.1,SAGE-GI-R,3627051,3643750
NC_011770.1,SAGE-GI-R,3738851,3755850
NC_011770.1,SAGE-GI-R,3773851,3804650
NC_011770.1,SAGE-GI-R,3819951,3836750
NC_011770.1,SAGE-GI-R,3899951,3919150
NC_011770.1,SAGE-GI-R,4009151,4024850
NC_011770.1,SAGE-GI-R,4131451,4149050
NC_011770.1,SAGE-GI-R,4168251,4216650
NC_011770.1,SAGE-GI-R,4265951,4278750
NC_011770.1,SAGE-GI-R,4295851,4321950
NC_011770.1,SAGE-GI-R,4364851,4380150
NC_011770.1,SAGE-GI-R,4439751,4475250
NC_011770.1,SAGE-GI-R,4490551,4525950
NC_011770.1,SAGE-GI-R,4541851,4560050
NC_011770.1,SAGE-GI-R,4588851,4609150
NC_011770.1,SAGE-GI-R,4649551,4700950
NC_011770.1,SAGE-GI-R,4764051,4816650
NC_011770.1,SAGE-GI-R,4864351,4879950
NC_011770.1,SAGE-GI-R,4929051,4975550
NC_011770.1,SAGE-GI-R,5084551,5111250
NC_011770.1,SAGE-GI-R,5124851,5147050
NC_011770.1,SAGE-GI-R,5268851,5309050
NC_011770.1,SAGE-GI-R,5389351,5442650
NC_011770.1,SAGE-GI-R,5517251,5529950
NC_011770.1,SAGE-GI-R,5588851,5609750
NC_011770.1,SAGE-GI-R,5649351,5689250
NC_011770.1,SAGE-GI-R,5941151,5959150
NC_011770.1,SAGE-GI-R,6021751,6036750
NC_011770.1,SAGE-GI-R,6054851,6079450
NC_011770.1,SAGE-GI-R,6087551,6110250
NC_011770.1,SAGE-GI-R,6151151,6167750
NC_011770.1,SAGE-GI-R,6244451,6273950
NC_011770.1,SAGE-GI-R,6371951,6384450
NC_011770.1,SAGE-GI-R,6425351,6438350
NC_011770.1,SAGE-GI-R,6475951,6499050
NC_011770.1,SAGE-GI-R,6586351,6596750
NC_011770.1,SAGE-GI(D2),674001,761000
NC_011770.1,SAGE-GI(D2),865001,906000
NC_011770.1,SAGE-GI(D2),1433001,1500000
NC_011770.1,SAGE-GI(D2),1685001,1711000
NC_011770.1,SAGE-GI(D2),2053001,2065000
NC_011770.1,SAGE-GI(D2),2504001,2553000
NC_011770.1,SAGE-GI(D2),2701001,2907000
NC_011770.1,SAGE-GI(D2),3051001,3074000
NC_011770.1,SAGE-GI(D2),3158001,3190000
NC_011770.1,SAGE-GI(D2),3379001,3431000
NC_011770.1,SAGE-GI(D2),4647001,4707000
NC_011770.1,SAGE-GI(D2),4932001,4971000
NC_011770.1,SAGE-GI(D2),5085001,5139000
NC_011770.1,SAGE-GI(D2),5654001,5685000
NC_011770.1,SAGE-GI(D2),6584251,6596250
NC_011770.1,SAGE-GI/detrend=250kb,1001,57000
NC_011770.1,SAGE-GI/detrend=250kb,698001,749000
NC_011770.1,SAGE-GI/detrend=250kb,862001,908000
NC_011770.1,SAGE-GI/detrend=250kb,1434001,1479000
NC_011770.1,SAGE-GI/detrend=250kb,1682001,1724000
NC_011770.1,SAGE-GI/detrend=250kb,2053001,2065000
NC_011770.1,SAGE-GI/detrend=250kb,2515001,2548000
NC_011770.1,SAGE-GI/detrend=250kb,2622001,2651000
NC_011770.1,SAGE-GI/detrend=250kb,2689001,2914000
NC_011770.1,SAGE-GI/detrend=250kb,3056001,3073000
NC_011770.1,SAGE-GI/detrend=250kb,3150001,3211000
NC_011770.1,SAGE-GI/detrend=250kb,3387001,3421000
NC_011770.1,SAGE-GI/detrend=250kb,4770001,4808000
NC_011770.1,SAGE-GI/detrend=250kb,4932001,4961000
NC_011770.1,SAGE-GI/detrend=250kb,6524001,6600000
NC_011770.1,SAGE-GI/no-refine,689151,757950
NC_011770.1,SAGE-GI/no-refine,859851,908950
NC_011770.1,SAGE-GI/no-refine,1435751,1482850
NC_011770.1,SAGE-GI/no-refine,1681851,1720450
NC_011770.1,SAGE-GI/no-refine,2049351,2071250
NC_011770.1,SAGE-GI/no-refine,2500151,2556850
NC_011770.1,SAGE-GI/no-refine,2689351,2919150
NC_011770.1,SAGE-GI/no-refine,3048651,3078550
NC_011770.1,SAGE-GI/no-refine,3150151,3202250
NC_011770.1,SAGE-GI/no-refine,3391151,3428650
NC_011770.1,SAGE-GI/no-refine,4766251,4798750
NC_011770.1,SAGE-GI/no-refine,4929551,4974650
NC_011770.1,SAGE-GI/no-refine,5111151,5121550
NC_011770.1,SAGE-GI/start-assign,698001,749000
NC_011770.1,SAGE-GI/start-assign,862001,908000
NC_011770.1,SAGE-GI/start-assign,1434001,1479000
NC_011770.1,SAGE-GI/start-assign,1682001,1724000
NC_011770.1,SAGE-GI/start-assign,2053001,2065000
NC_011770.1,SAGE-GI/start-assign,2504001,2548000
NC_011770.1,SAGE-GI/start-assign,2689001,2914000
NC_011770.1,SAGE-GI/start-assign,3056001,3080000
NC_011770.1,SAGE-GI/start-assign,3149001,3215000
NC_011770.1,SAGE-GI/start-assign,3387001,3421000
NC_011770.1,SAGE-GI/start-assign,4770001,4808000
NC_011770.1,SAGE-GI/start-assign,4932001,4961000
NC_011770.1,SAGE-GI/start-assign,5114001,5128000
NC_011770.1,SAGE-GI/d=16,699001,769000
NC_011770.1,SAGE-GI/d=16,860001,911000
NC_011770.1,SAGE-GI/d=16,1440001,1475000
NC_011770.1,SAGE-GI/d=16,1676001,1724000
NC_011770.1,SAGE-GI/d=16,2055001,2066000
NC_011770.1,SAGE-GI/d=16,2230001,2272000
NC_011770.1,SAGE-GI/d=16,2506001,2549000
NC_011770.1,SAGE-GI/d=16,2696001,2908000
NC_011770.1,SAGE-GI/d=16,3055001,3080000
NC_011770.1,SAGE-GI/d=16,3162001,3213000
NC_011770.1,SAGE-GI/d=16,3387001,3421000
NC_011770.1,SAGE-GI/d=16,4770001,4791000
NC_011770.1,SAGE-GI/d=16,4932001,4961000
