accession,method,true_start,true_end,matched,start_err,end_err,mean_err,signed_start_err,signed_end_err,jaccard
NC_003198.1,Comp-only,302171,361066,True,9971.0,6367.0,8169.0,-9971.0,-6367.0,0.7627601028068596
NC_003198.1,Comp-only,1008746,1051265,True,2354.0,5166.0,3760.0,2354.0,-5166.0,0.8231420507996237
NC_003198.1,Comp-only,1085155,1092734,False,,,,,,0.0
NC_003198.1,Comp-only,1538898,1572918,True,3798.0,6619.0,5208.5,-3798.0,-6619.0,0.7245564398847141
NC_003198.1,Comp-only,1625083,1664822,True,3083.0,20223.0,11653.0,-3083.0,-20223.0,0.45575975527169976
NC_003198.1,Comp-only,1776199,1791814,False,,,,,,0.0
NC_003198.1,Comp-only,1887449,1933557,True,17449.0,3958.0,10703.5,-17449.0,-3958.0,0.663189527675509
NC_003198.1,Comp-only,2460792,2465913,False,,,,,,0.0
NC_003198.1,Comp-only,2597944,2615051,False,,,,,,0.0
NC_003198.1,Comp-only,2743494,2759189,True,7006.0,4710.0,5858.0,7006.0,4710.0,0.42585514064490837
NC_003198.1,Comp-only,2759732,2782363,True,9232.0,18464.0,13848.0,-9232.0,-18464.0,0.1308059251820236
NC_003198.1,Comp-only,2859261,2899033,True,4161.0,6134.0,5147.5,-4161.0,-6134.0,0.7656712341239131
NC_003198.1,Comp-only,3053653,3060016,True,17753.0,2717.0,10235.0,-17753.0,-2717.0,0.15122113032300866
NC_003198.1,Comp-only,3132605,3139413,False,,,,,,0.0
NC_003198.1,Comp-only,3515396,3549054,True,1896.0,13545.0,7720.5,-1896.0,13545.0,0.6855193482688391
NC_003198.1,Comp-only,3883110,3900457,False,,,,,,0.0
NC_003198.1,Comp-only,4321942,4346613,True,5542.0,2014.0,3778.0,-5542.0,-2014.0,0.7499172569007745
NC_003198.1,Comp-only,4409510,4543147,True,10110.0,8748.0,9429.0,-10110.0,-8748.0,0.8688120878203522
NC_003198.1,Comp-only,4683689,4716538,True,3589.0,1039.0,2314.0,-3589.0,-1039.0,0.872993221548341
NC_003198.1,Comp-only+center,302171,361066,True,5021.0,1417.0,3219.0,-5021.0,-1417.0,0.8992756230736737
NC_003198.1,Comp-only+center,1008746,1051265,True,7304.0,216.0,3760.0,7304.0,-216.0,0.8231420507996237
NC_003198.1,Comp-only+center,1085155,1092734,False,,,,,,0.0
NC_003198.1,Comp-only+center,1538898,1572918,True,1152.0,1669.0,1410.5,1152.0,-1669.0,0.9170806266717616
NC_003198.1,Comp-only+center,1625083,1664822,True,1867.0,15273.0,8570.0,1867.0,-15273.0,0.5686965274282838
NC_003198.1,Comp-only+center,1776199,1791814,False,,,,,,0.0
NC_003198.1,Comp-only+center,1887449,1933557,True,12499.0,992.0,6745.5,-12499.0,992.0,0.7736409395973154
NC_003198.1,Comp-only+center,2460792,2465913,False,,,,,,0.0
NC_003198.1,Comp-only+center,2597944,2615051,False,,,,,,0.0
NC_003198.1,Comp-only+center,2743494,2759189,True,11956.0,9660.0,10808.0,11956.0,9660.0,0.14749960561602776
NC_003198.1,Comp-only+center,2759732,2782363,True,4282.0,13514.0,8898.0,-4282.0,-13514.0,0.33878278962621683
NC_003198.1,Comp-only+center,2859261,2899033,True,789.0,1184.0,986.5,789.0,-1184.0,0.9503934830161165
NC_003198.1,Comp-only+center,3053653,3060016,True,12803.0,2233.0,7518.0,-12803.0,2233.0,0.29738317757009347
NC_003198.1,Comp-only+center,3132605,3139413,False,,,,,,0.0
NC_003198.1,Comp-only+center,3515396,3549054,True,3054.0,18495.0,10774.5,3054.0,18495.0,0.5868198028914369
NC_003198.1,Comp-only+center,3883110,3900457,False,,,,,,0.0
NC_003198.1,Comp-only+center,4321942,4346613,True,592.0,2936.0,1764.0,-592.0,2936.0,0.8748936170212765
NC_003198.1,Comp-only+center,4409510,4543147,True,5160.0,3798.0,4479.0,-5160.0,-3798.0,0.9354601651320624
NC_003198.1,Comp-only+center,4683689,4716538,True,1361.0,3911.0,2636.0,1361.0,3911.0,0.8565871439841136
NC_003198.1,DNABERT-2-only,302171,361066,True,9171.0,1067.0,5119.0,-9171.0,-1067.0,0.8495893751744604
NC_003198.1,DNABERT-2-only,1008746,1051265,True,1254.0,1734.0,1494.0,1254.0,1734.0,0.9324806797125683
NC_003198.1,DNABERT-2-only,1085155,1092734,False,,,,,,0.0
NC_003198.1,DNABERT-2-only,1538898,1572918,True,13102.0,81.0,6591.5,13102.0,81.0,0.6134244325845991
NC_003198.1,DNABERT-2-only,1625083,1664822,True,917.0,14823.0,7870.0,917.0,-14823.0,0.6039255158530448
NC_003198.1,DNABERT-2-only,1776199,1791814,False,,,,,,0.0
NC_003198.1,DNABERT-2-only,1887449,1933557,True,14449.0,11558.0,13003.5,-14449.0,-11558.0,0.5705439413454869
NC_003198.1,DNABERT-2-only,2460792,2465913,False,,,,,,0.0
NC_003198.1,DNABERT-2-only,2597944,2615051,True,11944.0,948.0,6446.0,-11944.0,948.0,0.5702666666666667
NC_003198.1,DNABERT-2-only,2743494,2759189,True,506.0,5190.0,2848.0,506.0,-5190.0,0.6371049949031601
NC_003198.1,DNABERT-2-only,2759732,2782363,False,,,,,,0.0
NC_003198.1,DNABERT-2-only,2859261,2899033,True,1739.0,3034.0,2386.5,1739.0,-3034.0,0.8799939657556634
NC_003198.1,DNABERT-2-only,3053653,3060016,True,13653.0,1983.0,7818.0,-13653.0,1983.0,0.2892727272727273
NC_003198.1,DNABERT-2-only,3132605,3139413,False,,,,,,0.0
NC_003198.1,DNABERT-2-only,3515396,3549054,True,7604.0,50945.0,29274.5,7604.0,50945.0,0.30796416245094793
NC_003198.1,DNABERT-2-only,3883110,3900457,False,,,,,,0.0
NC_003198.1,DNABERT-2-only,4321942,4346613,True,3942.0,614.0,2278.0,-3942.0,-614.0,0.8407772419095547
NC_003198.1,DNABERT-2-only,4409510,4543147,True,5510.0,12148.0,8829.0,-5510.0,-12148.0,0.8730991462327881
NC_003198.1,DNABERT-2-only,4683689,4716538,False,,,,,,0.0
NC_003198.1,DNABERT-S-only,302171,361066,True,16171.0,67.0,8119.0,-16171.0,-67.0,0.7836865733278271
NC_003198.1,DNABERT-S-only,1008746,1051265,True,8746.0,1734.0,5240.0,-8746.0,1734.0,0.8022641509433962
NC_003198.1,DNABERT-S-only,1085155,1092734,False,,,,,,0.0
NC_003198.1,DNABERT-S-only,1538898,1572918,True,898.0,2081.0,1489.5,-898.0,2081.0,0.9194864864864865
NC_003198.1,DNABERT-S-only,1625083,1664822,True,83.0,12823.0,6453.0,-83.0,-12823.0,0.6759159279813173
NC_003198.1,DNABERT-S-only,1776199,1791814,False,,,,,,0.0
NC_003198.1,DNABERT-S-only,1887449,1933557,True,14449.0,2442.0,8445.5,-14449.0,2442.0,0.7318888888888889
NC_003198.1,DNABERT-S-only,2460792,2465913,False,,,,,,0.0
NC_003198.1,DNABERT-S-only,2597944,2615051,False,,,,,,0.0
NC_003198.1,DNABERT-S-only,2743494,2759189,False,,,,,,0.0
NC_003198.1,DNABERT-S-only,2759732,2782363,False,,,,,,0.0
NC_003198.1,DNABERT-S-only,2859261,2899033,True,2739.0,2966.0,2852.5,2739.0,2966.0,0.8665153606776013
NC_003198.1,DNABERT-S-only,3053653,3060016,True,10653.0,983.0,5818.0,-10653.0,983.0,0.35355555555555557
NC_003198.1,DNABERT-S-only,3132605,3139413,False,,,,,,0.0
NC_003198.1,DNABERT-S-only,3515396,3549054,True,396.0,50945.0,25670.5,-396.0,50945.0,0.39598823529411764
NC_003198.1,DNABERT-S-only,3883110,3900457,False,,,,,,0.0
NC_003198.1,DNABERT-S-only,4321942,4346613,True,942.0,614.0,778.0,-942.0,-614.0,0.9392519715780433
NC_003198.1,DNABERT-S-only,4409510,4543147,True,6510.0,148.0,3329.0,-6510.0,-148.0,0.9524930787453264
NC_003198.1,DNABERT-S-only,4683689,4716538,True,689.0,4461.0,2575.0,-689.0,4461.0,0.8644736842105263
NC_003198.1,SAGE-GI,302171,361066,True,9171.0,67.0,4619.0,-9171.0,-67.0,0.8642807821705085
NC_003198.1,SAGE-GI,1008746,1051265,True,8746.0,1734.0,5240.0,-8746.0,1734.0,0.8022641509433962
NC_003198.1,SAGE-GI,1085155,1092734,False,,,,,,0.0
NC_003198.1,SAGE-GI,1538898,1572918,True,898.0,2081.0,1489.5,-898.0,2081.0,0.9194864864864865
NC_003198.1,SAGE-GI,1625083,1664822,True,83.0,12823.0,6453.0,-83.0,-12823.0,0.6759159279813173
NC_003198.1,SAGE-GI,1776199,1791814,False,,,,,,0.0
NC_003198.1,SAGE-GI,1887449,1933557,True,14449.0,2442.0,8445.5,-14449.0,2442.0,0.7318888888888889
NC_003198.1,SAGE-GI,2460792,2465913,False,,,,,,0.0
NC_003198.1,SAGE-GI,2597944,2615051,False,,,,,,0.0
NC_003198.1,SAGE-GI,2743494,2759189,True,5056.0,9760.0,7408.0,5056.0,9760.0,0.4179761156505343
NC_003198.1,SAGE-GI,2759732,2782363,True,11182.0,13414.0,12298.0,-11182.0,-13414.0,0.27260897852960314
NC_003198.1,SAGE-GI,2859261,2899033,True,2739.0,966.0,1852.5,2739.0,966.0,0.9090552050860355
NC_003198.1,SAGE-GI,3053653,3060016,True,10653.0,983.0,5818.0,-10653.0,983.0,0.35355555555555557
NC_003198.1,SAGE-GI,3132605,3139413,False,,,,,,0.0
NC_003198.1,SAGE-GI,3515396,3549054,True,3396.0,50945.0,27170.5,-3396.0,50945.0,0.38248863636363634
NC_003198.1,SAGE-GI,3883110,3900457,False,,,,,,0.0
NC_003198.1,SAGE-GI,4321942,4346613,True,942.0,614.0,778.0,-942.0,-614.0,0.9392519715780433
NC_003198.1,SAGE-GI,4409510,4543147,True,6510.0,148.0,3329.0,-6510.0,-148.0,0.9524930787453264
NC_003198.1,SAGE-GI,4683689,4716538,True,689.0,4461.0,2575.0,-689.0,4461.0,0.8644736842105263
NC_003198.1,SAGE-GI-P,302171,361066,True,22829.0,67.0,11448.0,22829.0,-67.0,0.6112469437652812
NC_003198.1,SAGE-GI-P,1008746,1051265,True,8746.0,1734.0,5240.0,-8746.0,1734.0,0.8022641509433962
NC_003198.1,SAGE-GI-P,1085155,1092734,False,,,,,,0.0
NC_003198.1,SAGE-GI-P,1538898,1572918,True,1102.0,2081.0,1591.5,1102.0,2081.0,0.9118331394382583
NC_003198.1,SAGE-GI-P,1625083,1664822,True,83.0,25823.0,12953.0,-83.0,-25823.0,0.34947141099364687
NC_003198.1,SAGE-GI-P,1776199,1791814,False,,,,,,0.0
NC_003198.1,SAGE-GI-P,1887449,1933557,True,14449.0,12558.0,13503.5,-14449.0,-12558.0,0.5540308464612438
NC_003198.1,SAGE-GI-P,2460792,2465913,False,,,,,,0.0
NC_003198.1,SAGE-GI-P,2597944,2615051,False,,,,,,0.0
NC_003198.1,SAGE-GI-P,2743494,2759189,False,,,,,,0.0
NC_003198.1,SAGE-GI-P,2759732,2782363,False,,,,,,0.0
NC_003198.1,SAGE-GI-P,2859261,2899033,False,,,,,,0.0
NC_003198.1,SAGE-GI-P,3053653,3060016,True,10653.0,983.0,5818.0,-10653.0,983.0,0.35355555555555557
NC_003198.1,SAGE-GI-P,3132605,3139413,False,,,,,,0.0
NC_003198.1,SAGE-GI-P,3515396,3549054,True,3396.0,50945.0,27170.5,-3396.0,50945.0,0.38248863636363634
NC_003198.1,SAGE-GI-P,3883110,3900457,False,,,,,,0.0
NC_003198.1,SAGE-GI-P,4321942,4346613,True,942.0,614.0,778.0,-942.0,-614.0,0.9392519715780433
NC_003198.1,SAGE-GI-P,4409510,4543147,True,6510.0,148.0,3329.0,-6510.0,-148.0,0.9524930787453264
NC_003198.1,SAGE-GI-P,4683689,4716538,True,689.0,4461.0,2575.0,-689.0,4461.0,0.8644736842105263
NC_003198.1,SAGE-GI-F,302171,361066,True,9171.0,67.0,4619.0,-9171.0,-67.0,0.8642807821705085
NC_003198.1,SAGE-GI-F,1008746,1051265,True,8746.0,1734.0,5240.0,-8746.0,1734.0,0.8022641509433962
NC_003198.1,SAGE-GI-F,1085155,1092734,False,,,,,,0.0
NC_003198.1,SAGE-GI-F,1538898,1572918,True,898.0,2081.0,1489.5,-898.0,2081.0,0.9194864864864865
NC_003198.1,SAGE-GI-F,1625083,1664822,True,83.0,12823.0,6453.0,-83.0,-12823.0,0.6759159279813173
NC_003198.1,SAGE-GI-F,1776199,1791814,False,,,,,,0.0
NC_003198.1,SAGE-GI-F,1887449,1933557,True,14449.0,2442.0,8445.5,-14449.0,2442.0,0.7318888888888889
NC_003198.1,SAGE-GI-F,2460792,2465913,False,,,,,,0.0
NC_003198.1,SAGE-GI-F,2597944,2615051,False,,,,,,0.0
NC_003198.1,SAGE-GI-F,2743494,2759189,True,5056.0,9760.0,7408.0,5056.0,9760.0,0.4179761156505343
NC_003198.1,SAGE-GI-F,2759732,2782363,True,11182.0,13414.0,12298.0,-11182.0,-13414.0,0.27260897852960314
NC_003198.1,SAGE-GI-F,2859261,2899033,True,2739.0,966.0,1852.5,2739.0,966.0,0.9090552050860355
NC_003198.1,SAGE-GI-F,3053653,3060016,True,10653.0,983.0,5818.0,-10653.0,983.0,0.35355555555555557
NC_003198.1,SAGE-GI-F,3132605,3139413,False,,,,,,0.0
NC_003198.1,SAGE-GI-F,3515396,3549054,True,3396.0,50945.0,27170.5,-3396.0,50945.0,0.38248863636363634
NC_003198.1,SAGE-GI-F,3883110,3900457,False,,,,,,0.0
NC_003198.1,SAGE-GI-F,4321942,4346613,True,942.0,614.0,778.0,-942.0,-614.0,0.9392519715780433
NC_003198.1,SAGE-GI-F,4409510,4543147,True,6510.0,148.0,3329.0,-6510.0,-148.0,0.9524930787453264
NC_003198.1,SAGE-GI-F,4683689,4716538,True,689.0,4461.0,2575.0,-689.0,4461.0,0.8644736842105263
NC_003198.1,SAGE-GI-R,302171,361066,True,18521.0,1283.0,9902.0,-18521.0,1283.0,0.7483608640406607
NC_003198.1,SAGE-GI-R,1008746,1051265,True,16596.0,3184.0,9890.0,-16596.0,3184.0,0.6825040128410915
NC_003198.1,SAGE-GI-R,1085155,1092734,True,3505.0,1415.0,2460.0,-3505.0,1415.0,0.6064
NC_003198.1,SAGE-GI-R,1538898,1572918,True,4848.0,1331.0,3089.5,-4848.0,1331.0,0.8462935323383085
NC_003198.1,SAGE-GI-R,1625083,1664822,True,2333.0,11873.0,7103.0,-2333.0,-11873.0,0.6623487747486512
NC_003198.1,SAGE-GI-R,1776199,1791814,True,12949.0,2235.0,7592.0,-12949.0,2235.0,0.507012987012987
NC_003198.1,SAGE-GI-R,1887449,1933557,True,18599.0,2192.0,10395.5,-18599.0,2192.0,0.6892227204783259
NC_003198.1,SAGE-GI-R,2460792,2465913,True,2942.0,3336.0,3139.0,-2942.0,3336.0,0.4492982456140351
NC_003198.1,SAGE-GI-R,2597944,2615051,True,16194.0,2198.0,9196.0,-16194.0,2198.0,0.4819154929577465
NC_003198.1,SAGE-GI-R,2743494,2759189,True,3444.0,25060.0,14252.0,-3444.0,25060.0,0.3551131221719457
NC_003198.1,SAGE-GI-R,2759732,2782363,True,19682.0,1886.0,10784.0,-19682.0,1886.0,0.5120361990950226
NC_003198.1,SAGE-GI-R,2859261,2899033,True,14211.0,5716.0,9963.5,-14211.0,5716.0,0.666214405360134
NC_003198.1,SAGE-GI-R,3053653,3060016,True,14803.0,7233.0,11018.0,-14803.0,7233.0,0.22408450704225352
NC_003198.1,SAGE-GI-R,3132605,3139413,True,1655.0,23136.0,12395.5,-1655.0,23136.0,0.2154746835443038
NC_003198.1,SAGE-GI-R,3515396,3549054,True,4346.0,59695.0,32020.5,-4346.0,59695.0,0.3445138178096213
NC_003198.1,SAGE-GI-R,3883110,3900457,True,3940.0,5492.0,4716.0,3940.0,5492.0,0.5870402802101576
NC_003198.1,SAGE-GI-R,4321942,4346613,True,2992.0,3336.0,3164.0,-2992.0,3336.0,0.7958709677419354
NC_003198.1,SAGE-GI-R,4409510,4543147,True,5960.0,6702.0,6331.0,-5960.0,6702.0,0.9134518113465482
NC_003198.1,SAGE-GI-R,4683689,4716538,True,6239.0,36511.0,21375.0,-6239.0,36511.0,0.43452380952380953
NC_003198.1,SAGE-GI(D2),302171,361066,True,8171.0,1067.0,4619.0,-8171.0,-1067.0,0.8622571458392354
NC_003198.1,SAGE-GI(D2),1008746,1051265,True,8746.0,1734.0,5240.0,-8746.0,1734.0,0.8022641509433962
NC_003198.1,SAGE-GI(D2),1085155,1092734,False,,,,,,0.0
NC_003198.1,SAGE-GI(D2),1538898,1572918,True,13102.0,81.0,6591.5,13102.0,81.0,0.6134244325845991
NC_003198.1,SAGE-GI(D2),1625083,1664822,True,917.0,14823.0,7870.0,917.0,-14823.0,0.6039255158530448
NC_003198.1,SAGE-GI(D2),1776199,1791814,False,,,,,,0.0
NC_003198.1,SAGE-GI(D2),1887449,1933557,True,14449.0,2442.0,8445.5,-14449.0,2442.0,0.7318888888888889
NC_003198.1,SAGE-GI(D2),2460792,2465913,False,,,,,,0.0
NC_003198.1,SAGE-GI(D2),2597944,2615051,True,11944.0,948.0,6446.0,-11944.0,948.0,0.5702666666666667
NC_003198.1,SAGE-GI(D2),2743494,2759189,True,506.0,5190.0,2848.0,506.0,-5190.0,0.6371049949031601
NC_003198.1,SAGE-GI(D2),2759732,2782363,False,,,,,,0.0
NC_003198.1,SAGE-GI(D2),2859261,2899033,True,1739.0,3034.0,2386.5,1739.0,-3034.0,0.8799939657556634
NC_003198.1,SAGE-GI(D2),3053653,3060016,True,13653.0,1983.0,7818.0,-13653.0,1983.0,0.2892727272727273
NC_003198.1,SAGE-GI(D2),3132605,3139413,False,,,,,,0.0
NC_003198.1,SAGE-GI(D2),3515396,3549054,True,7604.0,50945.0,29274.5,7604.0,50945.0,0.30796416245094793
NC_003198.1,SAGE-GI(D2),3883110,3900457,False,,,,,,0.0
NC_003198.1,SAGE-GI(D2),4321942,4346613,True,3942.0,614.0,2278.0,-3942.0,-614.0,0.8407772419095547
NC_003198.1,SAGE-GI(D2),4409510,4543147,True,5510.0,12148.0,8829.0,-5510.0,-12148.0,0.8730991462327881
NC_003198.1,SAGE-GI(D2),4683689,4716538,True,1689.0,10539.0,6114.0,-1689.0,-10539.0,0.6459654303830452
NC_003198.1,SAGE-GI/detrend=250kb,302171,361066,True,10829.0,67.0,5448.0,10829.0,-67.0,0.8149959250203749
NC_003198.1,SAGE-GI/detrend=250kb,1008746,1051265,True,9746.0,16734.0,13240.0,-9746.0,16734.0,0.616231884057971
NC_003198.1,SAGE-GI/detrend=250kb,1085155,1092734,False,,,,,,0.0
NC_003198.1,SAGE-GI/detrend=250kb,1538898,1572918,True,1102.0,2081.0,1591.5,1102.0,2081.0,0.9118331394382583
NC_003198.1,SAGE-GI/detrend=250kb,1625083,1664822,True,83.0,25823.0,12953.0,-83.0,-25823.0,0.34947141099364687
NC_003198.1,SAGE-GI/detrend=250kb,1776199,1791814,False,,,,,,0.0
NC_003198.1,SAGE-GI/detrend=250kb,1887449,1933557,True,14449.0,12558.0,13503.5,-14449.0,-12558.0,0.5540308464612438
NC_003198.1,SAGE-GI/detrend=250kb,2460792,2465913,False,,,,,,0.0
NC_003198.1,SAGE-GI/detrend=250kb,2597944,2615051,False,,,,,,0.0
NC_003198.1,SAGE-GI/detrend=250kb,2743494,2759189,False,,,,,,0.0
NC_003198.1,SAGE-GI/detrend=250kb,2759732,2782363,False,,,,,,0.0
NC_003198.1,SAGE-GI/detrend=250kb,2859261,2899033,True,2739.0,2966.0,2852.5,2739.0,2966.0,0.8665153606776013
NC_003198.1,SAGE-GI/detrend=250kb,3053653,3060016,True,10653.0,983.0,5818.0,-10653.0,983.0,0.35355555555555557
NC_003198.1,SAGE-GI/detrend=250kb,3132605,3139413,False,,,,,,0.0
NC_003198.1,SAGE-GI/detrend=250kb,3515396,3549054,True,3396.0,50945.0,27170.5,-3396.0,50945.0,0.38248863636363634
NC_003198.1,SAGE-GI/detrend=250kb,3883110,3900457,False,,,,,,0.0
NC_003198.1,SAGE-GI/detrend=250kb,4321942,4346613,True,942.0,614.0,778.0,-942.0,-614.0,0.9392519715780433
NC_003198.1,SAGE-GI/detrend=250kb,4409510,4543147,True,6510.0,148.0,3329.0,-6510.0,-148.0,0.9524930787453264
NC_003198.1,SAGE-GI/detrend=250kb,4683689,4716538,True,689.0,91461.0,46075.0,-689.0,91461.0,0.2628
NC_003198.1,SAGE-GI/no-refine,302171,361066,True,5321.0,1017.0,3169.0,-5321.0,-1017.0,0.9013033931824906
NC_003198.1,SAGE-GI/no-refine,1008746,1051265,True,1504.0,316.0,910.0,1504.0,-316.0,0.9571966133584195
NC_003198.1,SAGE-GI/no-refine,1085155,1092734,False,,,,,,0.0
NC_003198.1,SAGE-GI/no-refine,1538898,1572918,True,448.0,869.0,658.5,-448.0,-869.0,0.9617917549102092
NC_003198.1,SAGE-GI/no-refine,1625083,1664822,True,133.0,15273.0,7703.0,-133.0,-15273.0,0.6136232538309131
NC_003198.1,SAGE-GI/no-refine,1776199,1791814,False,,,,,,0.0
NC_003198.1,SAGE-GI/no-refine,1887449,1933557,True,11899.0,592.0,6245.5,-11899.0,592.0,0.7868430034129693
NC_003198.1,SAGE-GI/no-refine,2460792,2465913,False,,,,,,0.0
NC_003198.1,SAGE-GI/no-refine,2597944,2615051,False,,,,,,0.0
NC_003198.1,SAGE-GI/no-refine,2743494,2759189,True,5056.0,9760.0,7408.0,5056.0,9760.0,0.4179761156505343
NC_003198.1,SAGE-GI/no-refine,2759732,2782363,True,11182.0,13414.0,12298.0,-11182.0,-13414.0,0.27260897852960314
NC_003198.1,SAGE-GI/no-refine,2859261,2899033,True,5689.0,1616.0,3652.5,5689.0,1616.0,0.8235038295199207
NC_003198.1,SAGE-GI/no-refine,3053653,3060016,True,13003.0,2633.0,7818.0,-13003.0,2633.0,0.2892727272727273
NC_003198.1,SAGE-GI/no-refine,3132605,3139413,False,,,,,,0.0
NC_003198.1,SAGE-GI/no-refine,3515396,3549054,True,1754.0,54295.0,28024.5,1754.0,54295.0,0.36274643563681014
NC_003198.1,SAGE-GI/no-refine,3883110,3900457,False,,,,,,0.0
NC_003198.1,SAGE-GI/no-refine,4321942,4346613,True,1592.0,1236.0,1414.0,-1592.0,1236.0,0.8971636363636364
NC_003198.1,SAGE-GI/no-refine,4409510,4543147,True,4260.0,3098.0,3679.0,-4260.0,-3098.0,0.9466417206921057
NC_003198.1,SAGE-GI/no-refine,4683689,4716538,True,2439.0,5111.0,3775.0,-2439.0,5111.0,0.8131188118811881
NC_003198.1,SAGE-GI/start-assign,302171,361066,True,16171.0,67.0,8119.0,-16171.0,-67.0,0.7836865733278271
NC_003198.1,SAGE-GI/start-assign,1008746,1051265,True,8746.0,2734.0,5740.0,-8746.0,2734.0,0.7874074074074074
NC_003198.1,SAGE-GI/start-assign,1085155,1092734,False,,,,,,0.0
NC_003198.1,SAGE-GI/start-assign,1538898,1572918,True,1102.0,2081.0,1591.5,1102.0,2081.0,0.9118331394382583
NC_003198.1,SAGE-GI/start-assign,1625083,1664822,True,83.0,25823.0,12953.0,-83.0,-25823.0,0.34947141099364687
NC_003198.1,SAGE-GI/start-assign,1776199,1791814,False,,,,,,0.0
NC_003198.1,SAGE-GI/start-assign,1887449,1933557,True,14449.0,12558.0,13503.5,-14449.0,-12558.0,0.5540308464612438
NC_003198.1,SAGE-GI/start-assign,2460792,2465913,False,,,,,,0.0
NC_003198.1,SAGE-GI/start-assign,2597944,2615051,False,,,,,,0.0
NC_003198.1,SAGE-GI/start-assign,2743494,2759189,False,,,,,,0.0
NC_003198.1,SAGE-GI/start-assign,2759732,2782363,False,,,,,,0.0
NC_003198.1,SAGE-GI/start-assign,2859261,2899033,True,2739.0,2966.0,2852.5,2739.0,2966.0,0.8665153606776013
NC_003198.1,SAGE-GI/start-assign,3053653,3060016,True,10653.0,983.0,5818.0,-10653.0,983.0,0.35355555555555557
NC_003198.1,SAGE-GI/start-assign,3132605,3139413,False,,,,,,0.0
NC_003198.1,SAGE-GI/start-assign,3515396,3549054,True,7604.0,50945.0,29274.5,7604.0,50945.0,0.30796416245094793
NC_003198.1,SAGE-GI/start-assign,3883110,3900457,False,,,,,,0.0
NC_003198.1,SAGE-GI/start-assign,4321942,4346613,False,,,,,,0.0
NC_003198.1,SAGE-GI/start-assign,4409510,4543147,True,6510.0,148.0,3329.0,-6510.0,-148.0,0.9524930787453264
NC_003198.1,SAGE-GI/start-assign,4683689,4716538,True,689.0,4461.0,2575.0,-689.0,4461.0,0.8644736842105263
NC_003198.1,SAGE-GI/d=16,302171,361066,True,16171.0,67.0,8119.0,-16171.0,-67.0,0.7836865733278271
NC_003198.1,SAGE-GI/d=16,1008746,1051265,True,9746.0,7266.0,8506.0,-9746.0,-7266.0,0.6745111544790112
NC_003198.1,SAGE-GI/d=16,1085155,1092734,False,,,,,,0.0
NC_003198.1,SAGE-GI/d=16,1538898,1572918,True,3102.0,919.0,2010.5,3102.0,-919.0,0.8818082948766938
NC_003198.1,SAGE-GI/d=16,1625083,1664822,True,917.0,13823.0,7370.0,917.0,-13823.0,0.6290890790135883
NC_003198.1,SAGE-GI/d=16,1776199,1791814,False,,,,,,0.0
NC_003198.1,SAGE-GI/d=16,1887449,1933557,True,14449.0,3442.0,8945.5,-14449.0,3442.0,0.720453125
NC_003198.1,SAGE-GI/d=16,2460792,2465913,False,,,,,,0.0
NC_003198.1,SAGE-GI/d=16,2597944,2615051,False,,,,,,0.0
NC_003198.1,SAGE-GI/d=16,2743494,2759189,True,10494.0,190.0,5342.0,-10494.0,-190.0,0.5920580374188622
NC_003198.1,SAGE-GI/d=16,2759732,2782363,False,,,,,,0.0
NC_003198.1,SAGE-GI/d=16,2859261,2899033,True,1739.0,966.0,1352.5,1739.0,966.0,0.9336017084366331
NC_003198.1,SAGE-GI/d=16,3053653,3060016,True,12653.0,983.0,6818.0,-12653.0,983.0,0.3182
NC_003198.1,SAGE-GI/d=16,3132605,3139413,False,,,,,,0.0
NC_003198.1,SAGE-GI/d=16,3515396,3549054,True,7604.0,51945.0,29774.5,7604.0,51945.0,0.3043666183823186
NC_003198.1,SAGE-GI/d=16,3883110,3900457,False,,,,,,0.0
NC_003198.1,SAGE-GI/d=16,4321942,4346613,True,942.0,1386.0,1164.0,-942.0,1386.0,0.9137777777777778
NC_003198.1,SAGE-GI/d=16,4409510,4543147,True,6510.0,8148.0,7329.0,-6510.0,-8148.0,0.8954105659731142
NC_003198.1,SAGE-GI/d=16,4683689,4716538,True,689.0,9461.0,5075.0,-689.0,9461.0,0.763953488372093
NC_002935.2,Comp-only,27024,43283,False,,,,,,0.0
NC_002935.2,Comp-only,61341,95875,False,,,,,,0.0
NC_002935.2,Comp-only,154152,190717,True,11752.0,4982.0,8367.0,-11752.0,4982.0,0.6860412757973734
NC_002935.2,Comp-only,190791,208252,True,48391.0,12553.0,30472.0,-48391.0,-12553.0,0.0745448195222693
NC_002935.2,Comp-only,230520,239859,False,,,,,,0.0
NC_002935.2,Comp-only,249275,255946,False,,,,,,0.0
NC_002935.2,Comp-only,285651,291816,False,,,,,,0.0
NC_002935.2,Comp-only,305483,323837,False,,,,,,0.0
NC_002935.2,Comp-only,400792,409558,False,,,,,,0.0
NC_002935.2,Comp-only,418335,436608,False,,,,,,0.0
NC_002935.2,Comp-only,550407,575112,False,,,,,,0.0
NC_002935.2,Comp-only,727617,742673,False,,,,,,0.0
NC_002935.2,Comp-only,776520,795538,False,,,,,,0.0
NC_002935.2,Comp-only,1680221,1700448,False,,,,,,0.0
NC_002935.2,Comp-only,1866399,1880963,True,2299.0,6536.0,4417.5,-2299.0,6536.0,0.6224358974358974
NC_002935.2,Comp-only,1941599,1956346,False,,,,,,0.0
NC_002935.2,Comp-only,2059671,2070752,True,17571.0,7453.0,12512.0,-17571.0,-7453.0,0.12665340453006665
NC_002935.2,Comp-only,2076035,2096445,False,,,,,,0.0
NC_002935.2,Comp-only,2114704,2144768,False,,,,,,0.0
NC_002935.2,Comp-only,2176624,2198997,False,,,,,,0.0
NC_002935.2,Comp-only,2212600,2242599,False,,,,,,0.0
NC_002935.2,Comp-only,2297046,2322992,False,,,,,,0.0
NC_002935.2,Comp-only,2398583,2451927,False,,,,,,0.0
NC_002935.2,Comp-only+center,27024,43283,False,,,,,,0.0
NC_002935.2,Comp-only+center,61341,95875,False,,,,,,0.0
NC_002935.2,Comp-only+center,154152,190717,True,6802.0,9932.0,8367.0,-6802.0,9932.0,0.6860412757973734
NC_002935.2,Comp-only+center,190791,208252,True,43441.0,7603.0,25522.0,-43441.0,-7603.0,0.16188036714119172
NC_002935.2,Comp-only+center,230520,239859,False,,,,,,0.0
NC_002935.2,Comp-only+center,249275,255946,False,,,,,,0.0
NC_002935.2,Comp-only+center,285651,291816,False,,,,,,0.0
NC_002935.2,Comp-only+center,305483,323837,False,,,,,,0.0
NC_002935.2,Comp-only+center,400792,409558,False,,,,,,0.0
NC_002935.2,Comp-only+center,418335,436608,False,,,,,,0.0
NC_002935.2,Comp-only+center,550407,575112,False,,,,,,0.0
NC_002935.2,Comp-only+center,727617,742673,False,,,,,,0.0
NC_002935.2,Comp-only+center,776520,795538,False,,,,,,0.0
NC_002935.2,Comp-only+center,1680221,1700448,False,,,,,,0.0
NC_002935.2,Comp-only+center,1866399,1880963,True,2651.0,11486.0,7068.5,2651.0,11486.0,0.4573336916049288
NC_002935.2,Comp-only+center,1941599,1956346,False,,,,,,0.0
NC_002935.2,Comp-only+center,2059671,2070752,True,12621.0,2503.0,7562.0,-12621.0,-2503.0,0.3619373075138168
NC_002935.2,Comp-only+center,2076035,2096445,False,,,,,,0.0
NC_002935.2,Comp-only+center,2114704,2144768,False,,,,,,0.0
NC_002935.2,Comp-only+center,2176624,2198997,False,,,,,,0.0
NC_002935.2,Comp-only+center,2212600,2242599,False,,,,,,0.0
NC_002935.2,Comp-only+center,2297046,2322992,False,,,,,,0.0
NC_002935.2,Comp-only+center,2398583,2451927,False,,,,,,0.0
NC_002935.2,DNABERT-2-only,27024,43283,False,,,,,,0.0
NC_002935.2,DNABERT-2-only,61341,95875,False,,,,,,0.0
NC_002935.2,DNABERT-2-only,154152,190717,True,1848.0,13282.0,7565.0,1848.0,13282.0,0.6964772909645321
NC_002935.2,DNABERT-2-only,190791,208252,True,34791.0,4253.0,19522.0,-34791.0,-4253.0,0.2527893135322374
NC_002935.2,DNABERT-2-only,230520,239859,False,,,,,,0.0
NC_002935.2,DNABERT-2-only,249275,255946,True,275.0,12053.0,6164.0,-275.0,12053.0,0.3511578947368421
NC_002935.2,DNABERT-2-only,285651,291816,False,,,,,,0.0
NC_002935.2,DNABERT-2-only,305483,323837,False,,,,,,0.0
NC_002935.2,DNABERT-2-only,400792,409558,True,17792.0,83441.0,50616.5,-17792.0,83441.0,0.0797
NC_002935.2,DNABERT-2-only,418335,436608,True,35335.0,56391.0,45863.0,-35335.0,56391.0,0.16612727272727273
NC_002935.2,DNABERT-2-only,550407,575112,False,,,,,,0.0
NC_002935.2,DNABERT-2-only,727617,742673,False,,,,,,0.0
NC_002935.2,DNABERT-2-only,776520,795538,False,,,,,,0.0
NC_002935.2,DNABERT-2-only,1680221,1700448,False,,,,,,0.0
NC_002935.2,DNABERT-2-only,1866399,1880963,True,5399.0,964.0,3181.5,-5399.0,-964.0,0.6812762973352033
NC_002935.2,DNABERT-2-only,1941599,1956346,False,,,,,,0.0
NC_002935.2,DNABERT-2-only,2059671,2070752,False,,,,,,0.0
NC_002935.2,DNABERT-2-only,2076035,2096445,False,,,,,,0.0
NC_002935.2,DNABERT-2-only,2114704,2144768,False,,,,,,0.0
NC_002935.2,DNABERT-2-only,2176624,2198997,False,,,,,,0.0
NC_002935.2,DNABERT-2-only,2212600,2242599,False,,,,,,0.0
NC_002935.2,DNABERT-2-only,2297046,2322992,False,,,,,,0.0
NC_002935.2,DNABERT-2-only,2398583,2451927,False,,,,,,0.0
NC_002935.2,DNABERT-S-only,27024,43283,False,,,,,,0.0
NC_002935.2,DNABERT-S-only,61341,95875,True,8341.0,25876.0,17108.5,-8341.0,-25876.0,0.2019544733650527
NC_002935.2,DNABERT-S-only,154152,190717,True,1848.0,12282.0,7065.0,1848.0,12282.0,0.7107353422862758
NC_002935.2,DNABERT-S-only,190791,208252,True,34791.0,5253.0,20022.0,-34791.0,-5253.0,0.23365165636422788
NC_002935.2,DNABERT-S-only,230520,239859,False,,,,,,0.0
NC_002935.2,DNABERT-S-only,249275,255946,True,6275.0,8053.0,7164.0,-6275.0,8053.0,0.3177142857142857
NC_002935.2,DNABERT-S-only,285651,291816,False,,,,,,0.0
NC_002935.2,DNABERT-S-only,305483,323837,False,,,,,,0.0
NC_002935.2,DNABERT-S-only,400792,409558,False,,,,,,0.0
NC_002935.2,DNABERT-S-only,418335,436608,False,,,,,,0.0
NC_002935.2,DNABERT-S-only,550407,575112,False,,,,,,0.0
NC_002935.2,DNABERT-S-only,727617,742673,True,1617.0,10326.0,5971.5,-1617.0,10326.0,0.5576666666666666
NC_002935.2,DNABERT-S-only,776520,795538,True,2520.0,2461.0,2490.5,-2520.0,2461.0,0.7924583333333334
NC_002935.2,DNABERT-S-only,1680221,1700448,False,,,,,,0.0
NC_002935.2,DNABERT-S-only,1866399,1880963,True,1399.0,1964.0,1681.5,-1399.0,-1964.0,0.7893385116512153
NC_002935.2,DNABERT-S-only,1941599,1956346,False,,,,,,0.0
NC_002935.2,DNABERT-S-only,2059671,2070752,False,,,,,,0.0
NC_002935.2,DNABERT-S-only,2076035,2096445,False,,,,,,0.0
NC_002935.2,DNABERT-S-only,2114704,2144768,False,,,,,,0.0
NC_002935.2,DNABERT-S-only,2176624,2198997,False,,,,,,0.0
NC_002935.2,DNABERT-S-only,2212600,2242599,False,,,,,,0.0
NC_002935.2,DNABERT-S-only,2297046,2322992,False,,,,,,0.0
NC_002935.2,DNABERT-S-only,2398583,2451927,False,,,,,,0.0
NC_002935.2,SAGE-GI,27024,43283,False,,,,,,0.0
NC_002935.2,SAGE-GI,61341,95875,True,8341.0,25876.0,17108.5,-8341.0,-25876.0,0.2019544733650527
NC_002935.2,SAGE-GI,154152,190717,True,1848.0,22282.0,12065.0,1848.0,22282.0,0.5899605764002175
NC_002935.2,SAGE-GI,190791,208252,True,34791.0,4747.0,19769.0,-34791.0,4747.0,0.30635087719298243
NC_002935.2,SAGE-GI,230520,239859,False,,,,,,0.0
NC_002935.2,SAGE-GI,249275,255946,True,1275.0,7053.0,4164.0,-1275.0,7053.0,0.4448
NC_002935.2,SAGE-GI,285651,291816,False,,,,,,0.0
NC_002935.2,SAGE-GI,305483,323837,False,,,,,,0.0
NC_002935.2,SAGE-GI,400792,409558,False,,,,,,0.0
NC_002935.2,SAGE-GI,418335,436608,False,,,,,,0.0
NC_002935.2,SAGE-GI,550407,575112,False,,,,,,0.0
NC_002935.2,SAGE-GI,727617,742673,False,,,,,,0.0
NC_002935.2,SAGE-GI,776520,795538,True,2520.0,2461.0,2490.5,-2520.0,2461.0,0.7924583333333334
NC_002935.2,SAGE-GI,1680221,1700448,False,,,,,,0.0
NC_002935.2,SAGE-GI,1866399,1880963,True,1399.0,1964.0,1681.5,-1399.0,-1964.0,0.7893385116512153
NC_002935.2,SAGE-GI,1941599,1956346,False,,,,,,0.0
NC_002935.2,SAGE-GI,2059671,2070752,False,,,,,,0.0
NC_002935.2,SAGE-GI,2076035,2096445,False,,,,,,0.0
NC_002935.2,SAGE-GI,2114704,2144768,False,,,,,,0.0
NC_002935.2,SAGE-GI,2176624,2198997,False,,,,,,0.0
NC_002935.2,SAGE-GI,2212600,2242599,False,,,,,,0.0
NC_002935.2,SAGE-GI,2297046,2322992,False,,,,,,0.0
NC_002935.2,SAGE-GI,2398583,2451927,False,,,,,,0.0
NC_002935.2,SAGE-GI-P,27024,43283,False,,,,,,0.0
NC_002935.2,SAGE-GI-P,61341,95875,False,,,,,,0.0
NC_002935.2,SAGE-GI-P,154152,190717,True,1848.0,12282.0,7065.0,1848.0,12282.0,0.7107353422862758
NC_002935.2,SAGE-GI-P,190791,208252,True,34791.0,5253.0,20022.0,-34791.0,-5253.0,0.23365165636422788
NC_002935.2,SAGE-GI-P,230520,239859,False,,,,,,0.0
NC_002935.2,SAGE-GI-P,249275,255946,True,6275.0,8053.0,7164.0,-6275.0,8053.0,0.3177142857142857
NC_002935.2,SAGE-GI-P,285651,291816,False,,,,,,0.0
NC_002935.2,SAGE-GI-P,305483,323837,False,,,,,,0.0
NC_002935.2,SAGE-GI-P,400792,409558,False,,,,,,0.0
NC_002935.2,SAGE-GI-P,418335,436608,False,,,,,,0.0
NC_002935.2,SAGE-GI-P,550407,575112,False,,,,,,0.0
NC_002935.2,SAGE-GI-P,727617,742673,False,,,,,,0.0
NC_002935.2,SAGE-GI-P,776520,795538,False,,,,,,0.0
NC_002935.2,SAGE-GI-P,1680221,1700448,False,,,,,,0.0
NC_002935.2,SAGE-GI-P,1866399,1880963,True,1399.0,1964.0,1681.5,-1399.0,-1964.0,0.7893385116512153
NC_002935.2,SAGE-GI-P,1941599,1956346,False,,,,,,0.0
NC_002935.2,SAGE-GI-P,2059671,2070752,False,,,,,,0.0
NC_002935.2,SAGE-GI-P,2076035,2096445,False,,,,,,0.0
NC_002935.2,SAGE-GI-P,2114704,2144768,False,,,,,,0.0
NC_002935.2,SAGE-GI-P,2176624,2198997,False,,,,,,0.0
NC_002935.2,SAGE-GI-P,2212600,2242599,False,,,,,,0.0
NC_002935.2,SAGE-GI-P,2297046,2322992,False,,,,,,0.0
NC_002935.2,SAGE-GI-P,2398583,2451927,False,,,,,,0.0
NC_002935.2,SAGE-GI-F,27024,43283,False,,,,,,0.0
NC_002935.2,SAGE-GI-F,61341,95875,True,8341.0,25876.0,17108.5,-8341.0,-25876.0,0.2019544733650527
NC_002935.2,SAGE-GI-F,154152,190717,True,1848.0,22282.0,12065.0,1848.0,22282.0,0.5899605764002175
NC_002935.2,SAGE-GI-F,190791,208252,True,34791.0,4747.0,19769.0,-34791.0,4747.0,0.30635087719298243
NC_002935.2,SAGE-GI-F,230520,239859,False,,,,,,0.0
NC_002935.2,SAGE-GI-F,249275,255946,True,1275.0,7053.0,4164.0,-1275.0,7053.0,0.4448
NC_002935.2,SAGE-GI-F,285651,291816,False,,,,,,0.0
NC_002935.2,SAGE-GI-F,305483,323837,False,,,,,,0.0
NC_002935.2,SAGE-GI-F,400792,409558,False,,,,,,0.0
NC_002935.2,SAGE-GI-F,418335,436608,False,,,,,,0.0
NC_002935.2,SAGE-GI-F,550407,575112,False,,,,,,0.0
NC_002935.2,SAGE-GI-F,727617,742673,False,,,,,,0.0
NC_002935.2,SAGE-GI-F,776520,795538,True,2520.0,2461.0,2490.5,-2520.0,2461.0,0.7924583333333334
NC_002935.2,SAGE-GI-F,1680221,1700448,False,,,,,,0.0
NC_002935.2,SAGE-GI-F,1866399,1880963,True,1399.0,1964.0,1681.5,-1399.0,-1964.0,0.7893385116512153
NC_002935.2,SAGE-GI-F,1941599,1956346,False,,,,,,0.0
NC_002935.2,SAGE-GI-F,2059671,2070752,False,,,,,,0.0
NC_002935.2,SAGE-GI-F,2076035,2096445,False,,,,,,0.0
NC_002935.2,SAGE-GI-F,2114704,2144768,False,,,,,,0.0
NC_002935.2,SAGE-GI-F,2176624,2198997,False,,,,,,0.0
NC_002935.2,SAGE-GI-F,2212600,2242599,False,,,,,,0.0
NC_002935.2,SAGE-GI-F,2297046,2322992,False,,,,,,0.0
NC_002935.2,SAGE-GI-F,2398583,2451927,False,,,,,,0.0
NC_002935.2,SAGE-GI-R,27024,43283,True,6274.0,34766.0,20520.0,-6274.0,34766.0,0.2837696335078534
NC_002935.2,SAGE-GI-R,61341,95875,True,40591.0,17826.0,29208.5,-40591.0,-17826.0,0.22241301280515402
NC_002935.2,SAGE-GI-R,154152,190717,True,18702.0,15432.0,17067.0,-18702.0,15432.0,0.5171994342291372
NC_002935.2,SAGE-GI-R,190791,208252,True,55341.0,2103.0,28722.0,-55341.0,-2103.0,0.2109665810474843
NC_002935.2,SAGE-GI-R,230520,239859,True,1870.0,28290.0,15080.0,-1870.0,28290.0,0.23645569620253165
NC_002935.2,SAGE-GI-R,249275,255946,True,20625.0,12203.0,16414.0,-20625.0,12203.0,0.16891139240506328
NC_002935.2,SAGE-GI-R,285651,291816,False,,,,,,0.0
NC_002935.2,SAGE-GI-R,305483,323837,True,12433.0,7688.0,10060.5,-12433.0,-7688.0,0.3464661556450565
NC_002935.2,SAGE-GI-R,400792,409558,True,4858.0,8891.0,6874.5,4858.0,8891.0,0.22137274889568467
NC_002935.2,SAGE-GI-R,418335,436608,True,17115.0,63841.0,40478.0,17115.0,63841.0,0.014114351823661938
NC_002935.2,SAGE-GI-R,550407,575112,True,3743.0,7863.0,5803.0,3743.0,-7863.0,0.530235570306808
NC_002935.2,SAGE-GI-R,727617,742673,True,367.0,11676.0,6021.5,-367.0,11676.0,0.5556088560885609
NC_002935.2,SAGE-GI-R,776520,795538,True,3270.0,4111.0,3690.5,-3270.0,4111.0,0.7204166666666667
NC_002935.2,SAGE-GI-R,1680221,1700448,True,2829.0,5699.0,4264.0,2829.0,-5699.0,0.5784061696658098
NC_002935.2,SAGE-GI-R,1866399,1880963,True,4249.0,16686.0,10467.5,-4249.0,16686.0,0.4102816901408451
NC_002935.2,SAGE-GI-R,1941599,1956346,False,,,,,,0.0
NC_002935.2,SAGE-GI-R,2059671,2070752,True,14121.0,1297.0,7709.0,-14121.0,1297.0,0.418188679245283
NC_002935.2,SAGE-GI-R,2076035,2096445,True,14015.0,53904.0,33959.5,14015.0,53904.0,0.08606607010697706
NC_002935.2,SAGE-GI-R,2114704,2144768,True,24654.0,5581.0,15117.5,-24654.0,5581.0,0.4985903814262023
NC_002935.2,SAGE-GI-R,2176624,2198997,True,1826.0,2148.0,1987.0,1826.0,-2148.0,0.822383123268079
NC_002935.2,SAGE-GI-R,2212600,2242599,True,8350.0,32050.0,20200.0,8350.0,32050.0,0.34891216760676874
NC_002935.2,SAGE-GI-R,2297046,2322992,True,2604.0,843.0,1723.5,2604.0,-843.0,0.8671522719389525
NC_002935.2,SAGE-GI-R,2398583,2451927,True,30567.0,8878.0,19722.5,30567.0,-8878.0,0.260568000749836
NC_002935.2,SAGE-GI(D2),27024,43283,True,1024.0,18716.0,9870.0,-1024.0,18716.0,0.45166666666666666
NC_002935.2,SAGE-GI(D2),61341,95875,True,35341.0,33876.0,34608.5,-35341.0,-33876.0,0.009430992043047684
NC_002935.2,SAGE-GI(D2),154152,190717,True,1848.0,13282.0,7565.0,1848.0,13282.0,0.6964772909645321
NC_002935.2,SAGE-GI(D2),190791,208252,True,34791.0,4253.0,19522.0,-34791.0,-4253.0,0.2527893135322374
NC_002935.2,SAGE-GI(D2),230520,239859,False,,,,,,0.0
NC_002935.2,SAGE-GI(D2),249275,255946,False,,,,,,0.0
NC_002935.2,SAGE-GI(D2),285651,291816,False,,,,,,0.0
NC_002935.2,SAGE-GI(D2),305483,323837,True,13517.0,11162.0,12339.5,13517.0,11162.0,0.1639055459565674
NC_002935.2,SAGE-GI(D2),400792,409558,False,,,,,,0.0
NC_002935.2,SAGE-GI(D2),418335,436608,True,6415.0,38391.0,22403.0,6415.0,38391.0,0.20928262595958705
NC_002935.2,SAGE-GI(D2),550407,575112,False,,,,,,0.0
NC_002935.2,SAGE-GI(D2),727617,742673,False,,,,,,0.0
NC_002935.2,SAGE-GI(D2),776520,795538,True,4480.0,1539.0,3009.5,4480.0,-1539.0,0.683526999316473
NC_002935.2,SAGE-GI(D2),1680221,1700448,False,,,,,,0.0
NC_002935.2,SAGE-GI(D2),1866399,1880963,True,5399.0,964.0,3181.5,-5399.0,-964.0,0.6812762973352033
NC_002935.2,SAGE-GI(D2),1941599,1956346,False,,,,,,0.0
NC_002935.2,SAGE-GI(D2),2059671,2070752,False,,,,,,0.0
NC_002935.2,SAGE-GI(D2),2076035,2096445,False,,,,,,0.0
NC_002935.2,SAGE-GI(D2),2114704,2144768,False,,,,,,0.0
NC_002935.2,SAGE-GI(D2),2176624,2198997,False,,,,,,0.0
NC_002935.2,SAGE-GI(D2),2212600,2242599,False,,,,,,0.0
NC_002935.2,SAGE-GI(D2),2297046,2322992,False,,,,,,0.0
NC_002935.2,SAGE-GI(D2),2398583,2451927,False,,,,,,0.0
NC_002935.2,SAGE-GI/detrend=250kb,27024,43283,True,26024.0,45716.0,35870.0,-26024.0,45716.0,0.18477272727272728
NC_002935.2,SAGE-GI/detrend=250kb,61341,95875,True,60341.0,6876.0,33608.5,-60341.0,-6876.0,0.2915278890341077
NC_002935.2,SAGE-GI/detrend=250kb,154152,190717,True,152.0,1282.0,717.0,-152.0,1282.0,0.9622631578947368
NC_002935.2,SAGE-GI/detrend=250kb,190791,208252,True,36791.0,16253.0,26522.0,-36791.0,-16253.0,0.022284481964131016
NC_002935.2,SAGE-GI/detrend=250kb,230520,239859,False,,,,,,0.0
NC_002935.2,SAGE-GI/detrend=250kb,249275,255946,False,,,,,,0.0
NC_002935.2,SAGE-GI/detrend=250kb,285651,291816,False,,,,,,0.0
NC_002935.2,SAGE-GI/detrend=250kb,305483,323837,False,,,,,,0.0
NC_002935.2,SAGE-GI/detrend=250kb,400792,409558,False,,,,,,0.0
NC_002935.2,SAGE-GI/detrend=250kb,418335,436608,False,,,,,,0.0
NC_002935.2,SAGE-GI/detrend=250kb,550407,575112,False,,,,,,0.0
NC_002935.2,SAGE-GI/detrend=250kb,727617,742673,False,,,,,,0.0
NC_002935.2,SAGE-GI/detrend=250kb,776520,795538,False,,,,,,0.0
NC_002935.2,SAGE-GI/detrend=250kb,1680221,1700448,False,,,,,,0.0
NC_002935.2,SAGE-GI/detrend=250kb,1866399,1880963,True,3399.0,964.0,2181.5,-3399.0,-964.0,0.7571253618347806
NC_002935.2,SAGE-GI/detrend=250kb,1941599,1956346,False,,,,,,0.0
NC_002935.2,SAGE-GI/detrend=250kb,2059671,2070752,False,,,,,,0.0
NC_002935.2,SAGE-GI/detrend=250kb,2076035,2096445,False,,,,,,0.0
NC_002935.2,SAGE-GI/detrend=250kb,2114704,2144768,False,,,,,,0.0
NC_002935.2,SAGE-GI/detrend=250kb,2176624,2198997,False,,,,,,0.0
NC_002935.2,SAGE-GI/detrend=250kb,2212600,2242599,False,,,,,,0.0
NC_002935.2,SAGE-GI/detrend=250kb,2297046,2322992,True,4046.0,1993.0,3019.5,-4046.0,-1993.0,0.7986530190377755
NC_002935.2,SAGE-GI/detrend=250kb,2398583,2451927,True,10417.0,35072.0,22744.5,10417.0,35072.0,0.48551749098024133
NC_002935.2,SAGE-GI/no-refine,27024,43283,False,,,,,,0.0
NC_002935.2,SAGE-GI/no-refine,61341,95875,True,13691.0,25226.0,19458.5,-13691.0,-25226.0,0.19302865674117695
NC_002935.2,SAGE-GI/no-refine,154152,190717,True,5402.0,7032.0,6217.0,-5402.0,7032.0,0.7462448979591837
NC_002935.2,SAGE-GI/no-refine,190791,208252,True,42041.0,10503.0,26272.0,-42041.0,-10503.0,0.11695208644942272
NC_002935.2,SAGE-GI/no-refine,230520,239859,True,8530.0,22290.0,15410.0,8530.0,22290.0,0.025608599430920014
NC_002935.2,SAGE-GI/no-refine,249275,255946,True,10225.0,6203.0,8214.0,-10225.0,6203.0,0.2888311688311688
NC_002935.2,SAGE-GI/no-refine,285651,291816,False,,,,,,0.0
NC_002935.2,SAGE-GI/no-refine,305483,323837,False,,,,,,0.0
NC_002935.2,SAGE-GI/no-refine,400792,409558,False,,,,,,0.0
NC_002935.2,SAGE-GI/no-refine,418335,436608,False,,,,,,0.0
NC_002935.2,SAGE-GI/no-refine,550407,575112,False,,,,,,0.0
NC_002935.2,SAGE-GI/no-refine,727617,742673,False,,,,,,0.0
NC_002935.2,SAGE-GI/no-refine,776520,795538,True,930.0,2411.0,1670.5,930.0,2411.0,0.844097060195987
NC_002935.2,SAGE-GI/no-refine,1680221,1700448,False,,,,,,0.0
NC_002935.2,SAGE-GI/no-refine,1866399,1880963,True,351.0,9686.0,5018.5,351.0,9686.0,0.5861201599934023
NC_002935.2,SAGE-GI/no-refine,1941599,1956346,False,,,,,,0.0
NC_002935.2,SAGE-GI/no-refine,2059671,2070752,False,,,,,,0.0
NC_002935.2,SAGE-GI/no-refine,2076035,2096445,False,,,,,,0.0
NC_002935.2,SAGE-GI/no-refine,2114704,2144768,False,,,,,,0.0
NC_002935.2,SAGE-GI/no-refine,2176624,2198997,False,,,,,,0.0
NC_002935.2,SAGE-GI/no-refine,2212600,2242599,False,,,,,,0.0
NC_002935.2,SAGE-GI/no-refine,2297046,2322992,False,,,,,,0.0
NC_002935.2,SAGE-GI/no-refine,2398583,2451927,False,,,,,,0.0
NC_002935.2,SAGE-GI/start-assign,27024,43283,False,,,,,,0.0
NC_002935.2,SAGE-GI/start-assign,61341,95875,True,8341.0,25876.0,17108.5,-8341.0,-25876.0,0.2019544733650527
NC_002935.2,SAGE-GI/start-assign,154152,190717,True,1848.0,12282.0,7065.0,1848.0,12282.0,0.7107353422862758
NC_002935.2,SAGE-GI/start-assign,190791,208252,True,34791.0,5253.0,20022.0,-34791.0,-5253.0,0.23365165636422788
NC_002935.2,SAGE-GI/start-assign,230520,239859,False,,,,,,0.0
NC_002935.2,SAGE-GI/start-assign,249275,255946,True,6275.0,8053.0,7164.0,-6275.0,8053.0,0.3177142857142857
NC_002935.2,SAGE-GI/start-assign,285651,291816,False,,,,,,0.0
NC_002935.2,SAGE-GI/start-assign,305483,323837,False,,,,,,0.0
NC_002935.2,SAGE-GI/start-assign,400792,409558,False,,,,,,0.0
NC_002935.2,SAGE-GI/start-assign,418335,436608,False,,,,,,0.0
NC_002935.2,SAGE-GI/start-assign,550407,575112,False,,,,,,0.0
NC_002935.2,SAGE-GI/start-assign,727617,742673,False,,,,,,0.0
NC_002935.2,SAGE-GI/start-assign,776520,795538,True,2520.0,6461.0,4490.5,-2520.0,6461.0,0.67925
NC_002935.2,SAGE-GI/start-assign,1680221,1700448,False,,,,,,0.0
NC_002935.2,SAGE-GI/start-assign,1866399,1880963,True,1399.0,1964.0,1681.5,-1399.0,-1964.0,0.7893385116512153
NC_002935.2,SAGE-GI/start-assign,1941599,1956346,False,,,,,,0.0
NC_002935.2,SAGE-GI/start-assign,2059671,2070752,False,,,,,,0.0
NC_002935.2,SAGE-GI/start-assign,2076035,2096445,False,,,,,,0.0
NC_002935.2,SAGE-GI/start-assign,2114704,2144768,False,,,,,,0.0
NC_002935.2,SAGE-GI/start-assign,2176624,2198997,False,,,,,,0.0
NC_002935.2,SAGE-GI/start-assign,2212600,2242599,False,,,,,,0.0
NC_002935.2,SAGE-GI/start-assign,2297046,2322992,False,,,,,,0.0
NC_002935.2,SAGE-GI/start-assign,2398583,2451927,False,,,,,,0.0
NC_002935.2,SAGE-GI/d=16,27024,43283,False,,,,,,0.0
NC_002935.2,SAGE-GI/d=16,61341,95875,False,,,,,,0.0
NC_002935.2,SAGE-GI/d=16,154152,190717,True,9152.0,718.0,4935.0,-9152.0,-718.0,0.7841112909576097
NC_002935.2,SAGE-GI/d=16,190791,208252,False,,,,,,0.0
NC_002935.2,SAGE-GI/d=16,230520,239859,False,,,,,,0.0
NC_002935.2,SAGE-GI/d=16,249275,255946,False,,,,,,0.0
NC_002935.2,SAGE-GI/d=16,285651,291816,False,,,,,,0.0
NC_002935.2,SAGE-GI/d=16,305483,323837,False,,,,,,0.0
NC_002935.2,SAGE-GI/d=16,400792,409558,False,,,,,,0.0
NC_002935.2,SAGE-GI/d=16,418335,436608,False,,,,,,0.0
NC_002935.2,SAGE-GI/d=16,550407,575112,False,,,,,,0.0
NC_002935.2,SAGE-GI/d=16,727617,742673,False,,,,,,0.0
NC_002935.2,SAGE-GI/d=16,776520,795538,True,7520.0,6461.0,6990.5,-7520.0,6461.0,0.5763333333333334
NC_002935.2,SAGE-GI/d=16,1680221,1700448,False,,,,,,0.0
NC_002935.2,SAGE-GI/d=16,1866399,1880963,True,399.0,2036.0,1217.5,-399.0,2036.0,0.856764705882353
NC_002935.2,SAGE-GI/d=16,1941599,1956346,False,,,,,,0.0
NC_002935.2,SAGE-GI/d=16,2059671,2070752,False,,,,,,0.0
NC_002935.2,SAGE-GI/d=16,2076035,2096445,False,,,,,,0.0
NC_002935.2,SAGE-GI/d=16,2114704,2144768,False,,,,,,0.0
NC_002935.2,SAGE-GI/d=16,2176624,2198997,False,,,,,,0.0
NC_002935.2,SAGE-GI/d=16,2212600,2242599,False,,,,,,0.0
NC_002935.2,SAGE-GI/d=16,2297046,2322992,False,,,,,,0.0
NC_002935.2,SAGE-GI/d=16,2398583,2451927,False,,,,,,0.0
NC_011770.1,Comp-only,665560,680384,False,,,,,,0.0
NC_011770.1,Comp-only,863874,906017,True,6374.0,2218.0,4296.0,-6374.0,-2218.0,0.8229110845459418
NC_011770.1,Comp-only,1433755,1476546,True,355.0,10547.0,5451.0,-355.0,-10547.0,0.7473288988805711
NC_011770.1,Comp-only,1684044,1720849,False,,,,,,0.0
NC_011770.1,Comp-only,2504699,2551099,True,8499.0,1900.0,5199.5,-8499.0,-1900.0,0.8105828779599271
NC_011770.1,Comp-only,2690449,2740349,True,249.0,3750.0,1999.5,-249.0,-3750.0,0.920259222333001
NC_011770.1,Comp-only,2751799,2783499,False,,,,,,0.0
NC_011770.1,Comp-only,2796835,2907405,True,935.0,1194.0,1064.5,-935.0,1194.0,0.9811091393078971
NC_011770.1,Comp-only,3392799,3432227,True,8099.0,9528.0,8813.5,-8099.0,-9528.0,0.6291238848678674
NC_011770.1,Comp-only,4545189,4552787,False,,,,,,0.0
NC_011770.1,Comp-only,4931527,4960940,True,5827.0,5659.0,5743.0,-5827.0,5659.0,0.7191687041564793
NC_011770.1,Comp-only+center,665560,680384,False,,,,,,0.0
NC_011770.1,Comp-only+center,863874,906017,True,1424.0,2732.0,2078.0,-1424.0,2732.0,0.9102375809935205
NC_011770.1,Comp-only+center,1433755,1476546,True,4595.0,5597.0,5096.0,4595.0,-5597.0,0.7618246401196486
NC_011770.1,Comp-only+center,1684044,1720849,False,,,,,,0.0
NC_011770.1,Comp-only+center,2504699,2551099,True,3549.0,3050.0,3299.5,-3549.0,3050.0,0.8754905660377359
NC_011770.1,Comp-only+center,2690449,2740349,True,4701.0,1200.0,2950.5,4701.0,1200.0,0.884522807772842
NC_011770.1,Comp-only+center,2751799,2783499,False,,,,,,0.0
NC_011770.1,Comp-only+center,2796835,2907405,True,4015.0,6144.0,5079.5,4015.0,6144.0,0.9129589170200917
NC_011770.1,Comp-only+center,3392799,3432227,True,3149.0,4578.0,3863.5,-3149.0,-4578.0,0.8185213020808868
NC_011770.1,Comp-only+center,4545189,4552787,False,,,,,,0.0
NC_011770.1,Comp-only+center,4931527,4960940,True,877.0,10609.0,5743.0,-877.0,10609.0,0.7191687041564793
NC_011770.1,DNABERT-2-only,665560,680384,True,8440.0,80615.0,44527.5,8440.0,80615.0,0.06690067057837384
NC_011770.1,DNABERT-2-only,863874,906017,True,1126.0,18.0,572.0,1126.0,-18.0,0.9728549734244495
NC_011770.1,DNABERT-2-only,1433755,1476546,True,755.0,23453.0,12104.0,-755.0,23453.0,0.6386865671641792
NC_011770.1,DNABERT-2-only,1684044,1720849,True,956.0,9850.0,5403.0,956.0,-9850.0,0.70640656414715
NC_011770.1,DNABERT-2-only,2504699,2551099,True,699.0,1900.0,1299.5,-699.0,1900.0,0.9469591836734694
NC_011770.1,DNABERT-2-only,2690449,2740349,True,10551.0,166650.0,88600.5,10551.0,166650.0,0.18171239107646697
NC_011770.1,DNABERT-2-only,2751799,2783499,True,50799.0,123500.0,87149.5,-50799.0,123500.0,0.1538883495145631
NC_011770.1,DNABERT-2-only,2796835,2907405,True,95835.0,406.0,48120.5,-95835.0,-406.0,0.5337296396422585
NC_011770.1,DNABERT-2-only,3392799,3432227,True,13799.0,1228.0,7513.5,-13799.0,-1228.0,0.7176861802059067
NC_011770.1,DNABERT-2-only,4545189,4552787,False,,,,,,0.0
NC_011770.1,DNABERT-2-only,4931527,4960940,True,473.0,59.0,266.0,473.0,59.0,0.9819495809724155
NC_011770.1,DNABERT-S-only,665560,680384,False,,,,,,0.0
NC_011770.1,DNABERT-S-only,863874,906017,True,1874.0,1982.0,1928.0,-1874.0,1982.0,0.9161739130434783
NC_011770.1,DNABERT-S-only,1433755,1476546,True,245.0,2453.0,1349.0,245.0,2453.0,0.9403691015581832
NC_011770.1,DNABERT-S-only,1684044,1720849,True,2044.0,3150.0,2597.0,-2044.0,3150.0,0.8763333333333333
NC_011770.1,DNABERT-S-only,2504699,2551099,True,699.0,3100.0,1899.5,-699.0,-3100.0,0.9193418259023355
NC_011770.1,DNABERT-S-only,2690449,2740349,True,1449.0,1350.0,1399.5,-1449.0,-1350.0,0.945491723466407
NC_011770.1,DNABERT-S-only,2751799,2783499,True,26201.0,132500.0,79350.5,26201.0,132500.0,0.03349553291392866
NC_011770.1,DNABERT-S-only,2796835,2907405,True,18835.0,8594.0,13714.5,-18835.0,8594.0,0.8012391304347826
NC_011770.1,DNABERT-S-only,3392799,3432227,True,5799.0,11228.0,8513.5,-5799.0,-11228.0,0.6235296718846732
NC_011770.1,DNABERT-S-only,4545189,4552787,False,,,,,,0.0
NC_011770.1,DNABERT-S-only,4931527,4960940,True,473.0,59.0,266.0,473.0,59.0,0.9819495809724155
NC_011770.1,SAGE-GI,665560,680384,False,,,,,,0.0
NC_011770.1,SAGE-GI,863874,906017,True,1874.0,1982.0,1928.0,-1874.0,1982.0,0.9161739130434783
NC_011770.1,SAGE-GI,1433755,1476546,True,245.0,2453.0,1349.0,245.0,2453.0,0.9403691015581832
NC_011770.1,SAGE-GI,1684044,1720849,True,2044.0,3150.0,2597.0,-2044.0,3150.0,0.8763333333333333
NC_011770.1,SAGE-GI,2504699,2551099,True,699.0,3100.0,1899.5,-699.0,-3100.0,0.9193418259023355
NC_011770.1,SAGE-GI,2690449,2740349,True,1449.0,173650.0,87549.5,-1449.0,173650.0,0.22178222222222221
NC_011770.1,SAGE-GI,2751799,2783499,True,62799.0,130500.0,96649.5,-62799.0,130500.0,0.14089333333333334
NC_011770.1,SAGE-GI,2796835,2907405,True,107835.0,6594.0,57214.5,-107835.0,6594.0,0.4914266666666667
NC_011770.1,SAGE-GI,3392799,3432227,True,5799.0,11228.0,8513.5,-5799.0,-11228.0,0.6235296718846732
NC_011770.1,SAGE-GI,4545189,4552787,False,,,,,,0.0
NC_011770.1,SAGE-GI,4931527,4960940,True,473.0,59.0,266.0,473.0,59.0,0.9819495809724155
NC_011770.1,SAGE-GI-P,665560,680384,False,,,,,,0.0
NC_011770.1,SAGE-GI-P,863874,906017,True,1874.0,1982.0,1928.0,-1874.0,1982.0,0.9161739130434783
NC_011770.1,SAGE-GI-P,1433755,1476546,True,245.0,2453.0,1349.0,245.0,2453.0,0.9403691015581832
NC_011770.1,SAGE-GI-P,1684044,1720849,True,2044.0,3150.0,2597.0,-2044.0,3150.0,0.8763333333333333
NC_011770.1,SAGE-GI-P,2504699,2551099,True,699.0,3100.0,1899.5,-699.0,-3100.0,0.9193418259023355
NC_011770.1,SAGE-GI-P,2690449,2740349,True,1449.0,1350.0,1399.5,-1449.0,-1350.0,0.945491723466407
NC_011770.1,SAGE-GI-P,2751799,2783499,False,,,,,,0.0
NC_011770.1,SAGE-GI-P,2796835,2907405,True,165.0,6594.0,3379.5,165.0,6594.0,0.9423121239277942
NC_011770.1,SAGE-GI-P,3392799,3432227,True,5799.0,11228.0,8513.5,-5799.0,-11228.0,0.6235296718846732
NC_011770.1,SAGE-GI-P,4545189,4552787,False,,,,,,0.0
NC_011770.1,SAGE-GI-P,4931527,4960940,True,473.0,59.0,266.0,473.0,59.0,0.9819495809724155
NC_011770.1,SAGE-GI-F,665560,680384,False,,,,,,0.0
NC_011770.1,SAGE-GI-F,863874,906017,True,1874.0,1982.0,1928.0,-1874.0,1982.0,0.9161739130434783
NC_011770.1,SAGE-GI-F,1433755,1476546,True,245.0,2453.0,1349.0,245.0,2453.0,0.9403691015581832
NC_011770.1,SAGE-GI-F,1684044,1720849,True,2044.0,3150.0,2597.0,-2044.0,3150.0,0.8763333333333333
NC_011770.1,SAGE-GI-F,2504699,2551099,True,699.0,3100.0,1899.5,-699.0,-3100.0,0.9193418259023355
NC_011770.1,SAGE-GI-F,2690449,2740349,True,1449.0,173650.0,87549.5,-1449.0,173650.0,0.22178222222222221
NC_011770.1,SAGE-GI-F,2751799,2783499,True,62799.0,130500.0,96649.5,-62799.0,130500.0,0.14089333333333334
NC_011770.1,SAGE-GI-F,2796835,2907405,True,107835.0,6594.0,57214.5,-107835.0,6594.0,0.4914266666666667
NC_011770.1,SAGE-GI-F,3392799,3432227,True,5799.0,11228.0,8513.5,-5799.0,-11228.0,0.6235296718846732
NC_011770.1,SAGE-GI-F,4545189,4552787,False,,,,,,0.0
NC_011770.1,SAGE-GI-F,4931527,4960940,True,473.0,59.0,266.0,473.0,59.0,0.9819495809724155
NC_011770.1,SAGE-GI-R,665560,680384,True,1310.0,235.0,772.5,-1310.0,-235.0,0.9042454291911992
NC_011770.1,SAGE-GI-R,863874,906017,True,8124.0,4232.0,6178.0,-8124.0,4232.0,0.7732844036697247
NC_011770.1,SAGE-GI-R,1433755,1476546,True,1105.0,41003.0,21054.0,-1105.0,41003.0,0.5040282685512367
NC_011770.1,SAGE-GI-R,1684044,1720849,True,4494.0,2500.0,3497.0,-4494.0,2500.0,0.8403196347031964
NC_011770.1,SAGE-GI-R,2504699,2551099,True,29849.0,7750.0,18799.5,-29849.0,7750.0,0.5523928571428571
NC_011770.1,SAGE-GI-R,2690449,2740349,True,201.0,190100.0,95150.5,201.0,190100.0,0.2070824704897063
NC_011770.1,SAGE-GI-R,2751799,2783499,True,61149.0,146950.0,104049.5,-61149.0,146950.0,0.1321976647206005
NC_011770.1,SAGE-GI-R,2796835,2907405,True,106185.0,23044.0,64614.5,-106185.0,23044.0,0.46109674728940786
NC_011770.1,SAGE-GI-R,3392799,3432227,True,10649.0,1678.0,6163.5,-10649.0,-1678.0,0.7538440033547665
NC_011770.1,SAGE-GI-R,4545189,4552787,True,3339.0,7262.0,5300.5,-3339.0,7262.0,0.4175274725274725
NC_011770.1,SAGE-GI-R,4931527,4960940,True,2477.0,14609.0,8543.0,-2477.0,14609.0,0.6325591397849463
NC_011770.1,SAGE-GI(D2),665560,680384,True,8440.0,80615.0,44527.5,8440.0,80615.0,0.06690067057837384
NC_011770.1,SAGE-GI(D2),863874,906017,True,1126.0,18.0,572.0,1126.0,-18.0,0.9728549734244495
NC_011770.1,SAGE-GI(D2),1433755,1476546,True,755.0,23453.0,12104.0,-755.0,23453.0,0.6386865671641792
NC_011770.1,SAGE-GI(D2),1684044,1720849,True,956.0,9850.0,5403.0,956.0,-9850.0,0.70640656414715
NC_011770.1,SAGE-GI(D2),2504699,2551099,True,699.0,1900.0,1299.5,-699.0,1900.0,0.9469591836734694
NC_011770.1,SAGE-GI(D2),2690449,2740349,True,10551.0,166650.0,88600.5,10551.0,166650.0,0.18171239107646697
NC_011770.1,SAGE-GI(D2),2751799,2783499,True,50799.0,123500.0,87149.5,-50799.0,123500.0,0.1538883495145631
NC_011770.1,SAGE-GI(D2),2796835,2907405,True,95835.0,406.0,48120.5,-95835.0,-406.0,0.5337296396422585
NC_011770.1,SAGE-GI(D2),3392799,3432227,True,13799.0,1228.0,7513.5,-13799.0,-1228.0,0.7176861802059067
NC_011770.1,SAGE-GI(D2),4545189,4552787,False,,,,,,0.0
NC_011770.1,SAGE-GI(D2),4931527,4960940,True,473.0,10059.0,5266.0,473.0,10059.0,0.733184708534948
NC_011770.1,SAGE-GI/detrend=250kb,665560,680384,False,,,,,,0.0
NC_011770.1,SAGE-GI/detrend=250kb,863874,906017,True,1874.0,1982.0,1928.0,-1874.0,1982.0,0.9161739130434783
NC_011770.1,SAGE-GI/detrend=250kb,1433755,1476546,True,245.0,2453.0,1349.0,245.0,2453.0,0.9403691015581832
NC_011770.1,SAGE-GI/detrend=250kb,1684044,1720849,True,2044.0,3150.0,2597.0,-2044.0,3150.0,0.8763333333333333
NC_011770.1,SAGE-GI/detrend=250kb,2504699,2551099,True,10301.0,3100.0,6700.5,10301.0,-3100.0,0.7111915691472167
NC_011770.1,SAGE-GI/detrend=250kb,2690449,2740349,True,1449.0,173650.0,87549.5,-1449.0,173650.0,0.22178222222222221
NC_011770.1,SAGE-GI/detrend=250kb,2751799,2783499,True,62799.0,130500.0,96649.5,-62799.0,130500.0,0.14089333333333334
NC_011770.1,SAGE-GI/detrend=250kb,2796835,2907405,True,107835.0,6594.0,57214.5,-107835.0,6594.0,0.4914266666666667
NC_011770.1,SAGE-GI/detrend=250kb,3392799,3432227,True,5799.0,11228.0,8513.5,-5799.0,-11228.0,0.6235296718846732
NC_011770.1,SAGE-GI/detrend=250kb,4545189,4552787,False,,,,,,0.0
NC_011770.1,SAGE-GI/detrend=250kb,4931527,4960940,True,473.0,59.0,266.0,473.0,59.0,0.9819495809724155
NC_011770.1,SAGE-GI/no-refine,665560,680384,False,,,,,,0.0
NC_011770.1,SAGE-GI/no-refine,863874,906017,True,4024.0,2932.0,3478.0,-4024.0,2932.0,0.8583299389002037
NC_011770.1,SAGE-GI/no-refine,1433755,1476546,True,1995.0,6303.0,4149.0,1995.0,6303.0,0.830980751604033
NC_011770.1,SAGE-GI/no-refine,1684044,1720849,True,2194.0,400.0,1297.0,-2194.0,-400.0,0.9334871794871795
NC_011770.1,SAGE-GI/no-refine,2504699,2551099,True,4549.0,5750.0,5149.5,-4549.0,5750.0,0.8183597883597884
NC_011770.1,SAGE-GI/no-refine,2690449,2740349,True,1099.0,178800.0,89949.5,-1099.0,178800.0,0.2171496953872933
NC_011770.1,SAGE-GI/no-refine,2751799,2783499,True,62449.0,135650.0,99049.5,-62449.0,135650.0,0.1379503916449086
NC_011770.1,SAGE-GI/no-refine,2796835,2907405,True,107485.0,11744.0,59614.5,-107485.0,11744.0,0.48116187989556136
NC_011770.1,SAGE-GI/no-refine,3392799,3432227,True,1649.0,3578.0,2613.5,-1649.0,-3578.0,0.8727542723599007
NC_011770.1,SAGE-GI/no-refine,4545189,4552787,False,,,,,,0.0
NC_011770.1,SAGE-GI/no-refine,4931527,4960940,True,1977.0,13709.0,7843.0,-1977.0,13709.0,0.6521951219512195
NC_011770.1,SAGE-GI/start-assign,665560,680384,False,,,,,,0.0
NC_011770.1,SAGE-GI/start-assign,863874,906017,True,1874.0,1982.0,1928.0,-1874.0,1982.0,0.9161739130434783
NC_011770.1,SAGE-GI/start-assign,1433755,1476546,True,245.0,2453.0,1349.0,245.0,2453.0,0.9403691015581832
NC_011770.1,SAGE-GI/start-assign,1684044,1720849,True,2044.0,3150.0,2597.0,-2044.0,3150.0,0.8763333333333333
NC_011770.1,SAGE-GI/start-assign,2504699,2551099,True,699.0,3100.0,1899.5,-699.0,-3100.0,0.9193418259023355
NC_011770.1,SAGE-GI/start-assign,2690449,2740349,True,1449.0,173650.0,87549.5,-1449.0,173650.0,0.22178222222222221
NC_011770.1,SAGE-GI/start-assign,2751799,2783499,True,62799.0,130500.0,96649.5,-62799.0,130500.0,0.14089333333333334
NC_011770.1,SAGE-GI/start-assign,2796835,2907405,True,107835.0,6594.0,57214.5,-107835.0,6594.0,0.4914266666666667
NC_011770.1,SAGE-GI/start-assign,3392799,3432227,True,5799.0,11228.0,8513.5,-5799.0,-11228.0,0.6235296718846732
NC_011770.1,SAGE-GI/start-assign,4545189,4552787,False,,,,,,0.0
NC_011770.1,SAGE-GI/start-assign,4931527,4960940,True,473.0,59.0,266.0,473.0,59.0,0.9819495809724155
NC_011770.1,SAGE-GI/d=16,665560,680384,False,,,,,,0.0
NC_011770.1,SAGE-GI/d=16,863874,906017,True,3874.0,4982.0,4428.0,-3874.0,4982.0,0.8263529411764706
NC_011770.1,SAGE-GI/d=16,1433755,1476546,True,6245.0,1547.0,3896.0,6245.0,-1547.0,0.8179098896990091
NC_011770.1,SAGE-GI/d=16,1684044,1720849,True,8044.0,3150.0,5597.0,-8044.0,3150.0,0.7667916666666666
NC_011770.1,SAGE-GI/d=16,2504699,2551099,True,1301.0,2100.0,1700.5,1301.0,-2100.0,0.9267041658584945
NC_011770.1,SAGE-GI/d=16,2690449,2740349,True,5551.0,167650.0,86600.5,5551.0,167650.0,0.20386024426456326
NC_011770.1,SAGE-GI/d=16,2751799,2783499,True,55799.0,124500.0,90149.5,-55799.0,124500.0,0.14953301886792453
NC_011770.1,SAGE-GI/d=16,2796835,2907405,True,100835.0,594.0,50714.5,-100835.0,594.0,0.521561320754717
NC_011770.1,SAGE-GI/d=16,3392799,3432227,True,5799.0,11228.0,8513.5,-5799.0,-11228.0,0.6235296718846732
NC_011770.1,SAGE-GI/d=16,4545189,4552787,False,,,,,,0.0
NC_011770.1,SAGE-GI/d=16,4931527,4960940,True,473.0,59.0,266.0,473.0,59.0,0.9819495809724155
