method,accession,precision_official,precision_strict,called_frac
DNABERT-S-only,AC_000091.1,41.5981045129755,3.3783333333333334,14.204753340914941
DNABERT-S-only,NC_000907.1,0.0,0.0,5.1908653882931235
DNABERT-S-only,NC_000913.2,50.80832232968131,7.094850498338871,12.975046743575788
DNABERT-S-only,NC_002516.2,42.67392735652365,8.666016713091922,5.730792586174199
DNABERT-S-only,NC_002655.2,98.01813534620615,26.186153846153847,15.284587257357177
DNABERT-S-only,NC_002695.1,98.50366159081062,30.166666666666668,16.85929671089125
DNABERT-S-only,NC_002758.2,100.0,8.657186544342508,11.359968928574283
DNABERT-S-only,NC_002944.2,100.0,10.066581956797966,8.147367344399258
DNABERT-S-only,NC_002947.3,88.33894068679194,26.906236559139785,15.044008577996633
DNABERT-S-only,NC_003047.1,78.07659668963986,35.28530465949821,7.6351858921468425
DNABERT-S-only,NC_003197.1,61.25460132031274,13.98263888888889,11.858117622645052
DNABERT-S-only,NC_003198.1,84.93140960797885,23.045585874799357,12.95477660080386
DNABERT-S-only,NC_003485.1,19.642064783316076,3.918688524590164,16.094842420938704
DNABERT-S-only,NC_003909.8,33.4547788897297,14.828151498021482,10.158331774905763
DNABERT-S-only,NC_003923.1,53.0123977842258,7.912204724409449,9.005616810295617
DNABERT-S-only,NC_003997.3,17.69605735509705,5.909696393045584,11.058304939095628
DNABERT-S-only,NC_004070.1,13.937718876605095,2.995940959409594,14.259247858876591
DNABERT-S-only,NC_004088.1,1.4230741305452697,0.17196753674051327,9.909243156829694
DNABERT-S-only,NC_004116.1,15.779008176628897,3.897121083827265,10.93383364186001
DNABERT-S-only,NC_004337.1,42.017155276823786,6.065868263473054,9.061897207481415
DNABERT-S-only,NC_004347.1,50.02805923616524,8.581016042780748,7.525449197885711
DNABERT-S-only,NC_004368.1,62.291096367095065,31.965714285714284,9.495881726532172
DNABERT-S-only,NC_004431.1,89.64155390659101,25.24198623402163,19.44019873732373
DNABERT-S-only,NC_004459.2,63.19165566126728,12.094918751612072,11.813120516376879
DNABERT-S-only,NC_004578.1,88.42170552133146,29.049811320754717,12.427455704327224
DNABERT-S-only,NC_004603.1,73.0915385074508,12.712110726643598,8.788046310875467
DNABERT-S-only,NC_004606.1,31.739582349050362,5.851916376306621,15.150915257816314
DNABERT-S-only,NC_004631.1,80.73595390799116,26.377424483306836,13.12615023369347
DNABERT-S-only,NC_004722.1,26.530581925688224,6.751606805293005,9.774919994404828
DNABERT-S-only,NC_004741.1,50.9967916534006,9.152747252747252,9.892693626104883
DNABERT-S-only,NC_005071.1,66.3957790041846,8.829032258064515,10.286730159572901
DNABERT-S-only,NC_005139.1,32.007064463226946,2.957109557109557,12.788772113918448
DNABERT-S-only,NC_005773.3,76.2990379630163,25.80146103896104,10.389983650955921
DNABERT-S-only,NC_005945.1,17.533013177104603,6.472402738064292,11.036282124130011
DNABERT-S-only,NC_006086.1,55.43903643755462,20.05635738831615,15.31678103371955
DNABERT-S-only,NC_006155.1,77.60830106957287,17.117697594501717,12.266393180897053
DNABERT-S-only,NC_006350.1,54.71786907619182,10.866355140186917,10.504248084815423
DNABERT-S-only,NC_006511.1,27.553966023757823,2.3346320346320346,10.075832635621907
DNABERT-S-only,NC_006905.1,36.435755772772346,5.116094032549729,11.62815148138024
DNABERT-S-only,NC_007005.1,60.77055903302396,8.899568965517242,11.421635926165031
DNABERT-S-only,NC_007146.2,100.0,33.76433566433566,7.469352151225653
DNABERT-S-only,NC_007297.1,19.973567386221152,5.125217391304348,12.509831095523982
DNABERT-S-only,NC_007335.2,67.1856014580802,9.288188976377953,10.336974516780355
DNABERT-S-only,NC_007384.1,56.89379806466333,8.01645234493192,10.958983599864464
DNABERT-S-only,NC_007432.1,25.07470443029752,9.828703703703704,10.151143954030356
DNABERT-S-only,NC_007434.1,81.33916766975156,31.59850517439632,12.645736171846297
DNABERT-S-only,NC_007510.1,50.29380270735332,22.693990384615386,11.26112103377091
DNABERT-S-only,NC_007530.2,18.149464084798957,5.852396410158487,10.018328356689985
DNABERT-S-only,NC_007606.1,17.461887582916326,3.897402597402597,5.2869703416984954
DNABERT-S-only,NC_007613.1,36.04382761139518,5.12931392931393,10.642009653917864
DNABERT-S-only,NC_007651.1,49.40173573666102,10.20364870598218,12.375298651869512
DNABERT-S-only,NC_007761.1,80.57273991148455,28.60280172413793,10.589719573270816
DNABERT-S-only,NC_007778.1,100.0,31.0493705257961,7.5980145755840205
DNABERT-S-only,NC_007793.1,51.10235219326128,7.002090592334495,9.990361215955755
DNABERT-S-only,NC_007946.1,86.51718000309549,20.775377468060395,16.996526273254002
DNABERT-S-only,NC_007958.1,100.0,33.91922196796339,8.931642684422583
DNABERT-S-only,NC_008022.1,23.34091345845878,5.060763888888889,14.935807145539068
DNABERT-S-only,NC_008023.1,52.99340108090892,19.36109090909091,14.782124917018526
DNABERT-S-only,NC_008024.1,50.8242415417737,16.289,15.486980353732957
DNABERT-S-only,NC_008060.1,51.00202900478978,14.959268292682927,12.444746086203239
DNABERT-S-only,NC_008061.1,73.29881656804734,4.43258785942492,11.224837804679932
DNABERT-S-only,NC_008253.1,71.62931689473396,11.86083009079118,15.610700315048634
DNABERT-S-only,NC_008258.1,39.93646709809533,6.263948939674696,10.618055197272405
DNABERT-S-only,NC_008321.1,69.13042737373048,20.447832661290324,8.431275015739583
DNABERT-S-only,NC_008322.1,67.19623606797003,20.955270655270656,7.323775562793551
DNABERT-S-only,NC_008390.1,20.97214290246843,3.1778846153846154,8.772558761382184
DNABERT-S-only,NC_008463.1,61.41488928134764,14.054873309497902,9.83993020119774
DNABERT-S-only,NC_008543.1,100.0,2.7395061728395063,13.506014678536843
DNABERT-S-only,NC_008563.1,80.67328943299164,11.341569459172852,18.555595456535535
DNABERT-S-only,NC_008577.1,71.04730593607306,19.725354969574038,9.915120135859269
DNABERT-S-only,NC_008595.1,91.55973465915835,10.648312883435583,11.907607920458641
DNABERT-S-only,NC_008600.1,13.319784833729058,4.319991298673048,8.744379733963136
DNABERT-S-only,NC_008611.1,100.0,6.182575757575758,2.343913974095489
DNABERT-S-only,NC_008750.1,78.32318647276482,26.770404411764705,11.553867784673285
DNABERT-S-only,NC_008819.1,0.0,0.0,8.848461252588175
DNABERT-S-only,NC_009052.1,59.515709425655395,9.463802704852824,7.354639098049373
DNABERT-S-only,NC_009074.1,22.471176854470308,3.255252100840336,9.731795498380121
DNABERT-S-only,NC_009076.1,20.35406982494313,3.310455764075067,9.35199218745103
DNABERT-S-only,NC_009080.1,14.007929912865928,4.892205638474295,6.89993125814754
DNABERT-S-only,NC_009085.1,77.19643977322492,26.62142857142857,12.321628708087289
DNABERT-S-only,NC_009256.1,91.56597042407503,52.86794019933555,16.480444939161973
DNABERT-S-only,NC_009342.1,61.35730084611874,25.109770114942528,10.500338092782556
DNABERT-S-only,NC_009438.1,74.76583216222919,23.80080971659919,10.602633058752325
DNABERT-S-only,NC_009445.1,98.63756836974757,34.95435757629056,7.624802070974295
DNABERT-S-only,NC_009485.1,90.86687486213822,38.90159045725646,12.172269802837059
DNABERT-S-only,NC_009487.1,100.0,4.820579710144927,11.8691299411704
DNABERT-S-only,NC_009504.1,82.29173398823758,14.805813953488371,7.386919997938533
DNABERT-S-only,NC_009512.1,80.698425689962,17.176719018081034,12.713164039245875
DNABERT-S-only,NC_009567.1,100.0,12.40503744043567,7.784051649222761
DNABERT-S-only,NC_009632.1,100.0,5.313418530351438,10.76894017458069
DNABERT-S-only,NC_009665.1,93.33453783687442,39.167418032786884,9.331344176304276
DNABERT-S-only,NC_009708.1,64.19380435966454,10.476891823260539,8.337380639746822
DNABERT-S-only,NC_009782.1,100.0,9.436666666666667,10.416059063221313
DNABERT-S-only,NC_009783.1,67.93059045618773,15.19916083916084,9.494466784105917
DNABERT-S-only,NC_009800.1,30.55110000506526,5.938464063012799,13.123613934030473
DNABERT-S-only,NC_009801.1,76.09298759688915,16.827155172413793,13.976972937086153
DNABERT-S-only,NC_009879.1,,0.0,4.3974160438431005
DNABERT-S-only,NC_009900.1,100.0,10.218145430286858,11.014785825241862
DNABERT-S-only,NC_009901.1,25.748253356717747,6.746139359698682,5.130850207968529
DNABERT-S-only,NC_009997.1,77.96323946819828,26.53116883116883,11.51986906247528
DNABERT-S-only,NC_010084.1,41.80843670566731,10.685158150851581,11.918342822576763
DNABERT-S-only,NC_010102.1,36.96383569354364,4.230600292825769,14.056717104143399
DNABERT-S-only,NC_010159.1,32.50136519867656,2.185313174946004,10.279171645293538
DNABERT-S-only,NC_010167.1,0.0,0.0,9.422890771563429
DNABERT-S-only,NC_010184.1,24.479912987932256,5.1844606946983545,10.393756145759605
DNABERT-S-only,NC_010322.1,84.533938184693,26.32830133372417,11.224938018534392
DNABERT-S-only,NC_010334.1,27.509791339366718,6.648395721925134,7.155269540342807
DNABERT-S-only,NC_010380.1,91.59743761592294,24.435758835758836,10.70976102314956
DNABERT-S-only,NC_010400.1,27.748855931726954,5.770166004208558,12.498706879169037
DNABERT-S-only,NC_010410.1,59.345915042724535,25.055281598754217,9.788402331026848
DNABERT-S-only,NC_010465.1,80.9745192185555,24.0105461393597,11.323311243280383
DNABERT-S-only,NC_010473.1,35.39151487577791,3.5358766233766232,13.145155594042599
DNABERT-S-only,NC_010498.1,55.39236799035231,5.278112175102599,14.4227288000191
DNABERT-S-only,NC_010501.1,100.0,26.693050193050194,13.456106595916756
DNABERT-S-only,NC_010515.1,94.43987366968338,23.565562913907286,14.094976494370878
DNABERT-S-only,NC_010551.1,20.32882674735791,5.245384615384616,7.5502753962950795
DNABERT-S-only,NC_010582.1,100.0,5.028389830508474,10.682609707233121
DNABERT-S-only,NC_010612.1,75.04581163706297,18.275257731958764,10.23079251576092
SAGE-GI,AC_000091.1,41.5981045129755,3.7543357467587137,12.782125771468763
SAGE-GI,NC_000907.1,0.0,0.0,4.535177128719256
SAGE-GI,NC_000913.2,57.71288814420453,7.654301075268817,12.026704456669918
SAGE-GI,NC_002516.2,32.02433400584675,6.510620487600711,7.628020159619335
SAGE-GI,NC_002655.2,98.15880985205457,27.10465909090909,15.917676670383807
SAGE-GI,NC_002695.1,98.54501114874932,31.137770562770562,16.804735880111668
SAGE-GI,NC_002758.2,100.0,9.131935483870969,10.769389504152988
SAGE-GI,NC_002944.2,100.0,10.369633507853402,7.909261310191912
SAGE-GI,NC_002947.3,87.70216536605707,25.971444321940464,14.671952451874134
SAGE-GI,NC_003047.1,78.07659668963986,36.060805860805864,7.470988346079167
SAGE-GI,NC_003197.1,61.25460132031274,13.862306368330465,11.961052671452736
SAGE-GI,NC_003198.1,85.70915639533905,23.968308754314403,13.254212849682794
SAGE-GI,NC_003485.1,19.642064783316076,3.43448275862069,18.36395135241531
SAGE-GI,NC_003909.8,34.260525055509596,15.318863149698268,9.832928269774053
SAGE-GI,NC_003923.1,51.649961449498846,6.90618556701031,10.317458629118208
SAGE-GI,NC_003997.3,18.37086990191017,6.4466880543498775,10.137178076683286
SAGE-GI,NC_004070.1,13.937718876605095,2.3879411764705885,17.889831262059193
SAGE-GI,NC_004088.1,0.0,0.0,9.526697248603762
SAGE-GI,NC_004116.1,15.779008176628897,3.0910006715916722,13.785333016705806
SAGE-GI,NC_004337.1,33.99310405027933,3.8509270704573546,8.779730348326305
SAGE-GI,NC_004347.1,46.263514487530635,6.38285600636436,10.117101221114801
SAGE-GI,NC_004368.1,62.291096367095065,28.93448275862069,10.490688383597448
SAGE-GI,NC_004431.1,94.70459114972424,27.222799575821846,18.025671002257894
SAGE-GI,NC_004459.2,63.19165566126728,12.145040145040145,11.764368922809163
SAGE-GI,NC_004578.1,88.4668776934518,27.864144144144145,13.013656445097377
SAGE-GI,NC_004603.1,73.0915385074508,10.901483679525223,10.247652618564125
SAGE-GI,NC_004606.1,34.83437973587357,5.3932960893854744,18.899051088147182
SAGE-GI,NC_004631.1,80.73595390799116,26.377424483306836,13.12615023369347
SAGE-GI,NC_004722.1,26.364119522853432,6.8605455243949285,9.619703873510687
SAGE-GI,NC_004741.1,59.63939966775506,9.941513487705896,9.107800791154585
SAGE-GI,NC_005071.1,100.0,11.194274028629858,8.113243625856692
SAGE-GI,NC_005139.1,32.007064463226946,2.775929978118162,13.62347052694809
SAGE-GI,NC_005773.3,69.1661384450613,25.84888090181343,10.324202910308635
SAGE-GI,NC_005945.1,19.94787243701698,7.365213961743246,9.69846402416832
SAGE-GI,NC_006086.1,55.43903643755462,20.844285714285714,14.737796183647678
SAGE-GI,NC_006155.1,71.15677932086378,14.125896414342629,10.580291025447286
SAGE-GI,NC_006350.1,50.32267468825782,8.53370786516854,10.921472891922576
SAGE-GI,NC_006511.1,27.553966023757823,2.237759336099585,10.51201586660121
SAGE-GI,NC_006905.1,36.435755772772346,4.54855305466238,13.079041991715204
SAGE-GI,NC_007005.1,49.28743644219522,9.055701754385964,11.224711168817358
SAGE-GI,NC_007146.2,100.0,28.64277108433735,8.670716483240968
SAGE-GI,NC_007297.1,19.973567386221152,4.640944881889764,13.81520477505692
SAGE-GI,NC_007335.2,43.690976811245946,8.456744186046512,11.666401685605125
SAGE-GI,NC_007384.1,50.624913526726004,7.0516059957173445,9.678224926506628
SAGE-GI,NC_007432.1,30.27710035796289,8.809128630705395,11.326044874635723
SAGE-GI,NC_007434.1,81.74241973545918,32.08737958548215,12.453069244735952
SAGE-GI,NC_007510.1,55.231207478289726,23.08728323699422,9.366220859819075
SAGE-GI,NC_007530.2,10.73943122560404,3.5477732793522265,9.450170342189903
SAGE-GI,NC_007606.1,0.0,0.0,5.424294246677677
SAGE-GI,NC_007613.1,52.58952578831582,7.41875,10.26588873059852
SAGE-GI,NC_007651.1,35.06112006064626,8.957169459962756,14.097444582210287
SAGE-GI,NC_007761.1,76.59858134743136,24.307142857142857,12.461178635788507
SAGE-GI,NC_007778.1,100.0,40.27636815920398,7.539871289520554
SAGE-GI,NC_007793.1,51.10235219326128,7.002090592334495,9.990361215955755
SAGE-GI,NC_007946.1,86.83604080090669,20.140635268346113,18.023029602184558
SAGE-GI,NC_007958.1,100.0,28.836701030927834,9.912692681796228
SAGE-GI,NC_008022.1,23.34091345845878,5.760869565217392,13.120691693824252
SAGE-GI,NC_008023.1,52.99340108090892,18.55156794425087,15.427163095215699
SAGE-GI,NC_008024.1,50.8242415417737,16.289,15.486980353732957
SAGE-GI,NC_008060.1,43.585133598635586,15.914115204981837,11.698061321031044
SAGE-GI,NC_008061.1,73.29881656804734,4.418471337579618,11.260699906292329
SAGE-GI,NC_008253.1,71.62931689473396,12.06424802110818,15.347484875235882
SAGE-GI,NC_008258.1,39.93646709809533,6.747394100687514,9.857280396232504
SAGE-GI,NC_008321.1,67.98816045237675,21.75544246536613,7.515478762769886
SAGE-GI,NC_008322.1,67.19623606797003,22.9853125,6.676946382034006
SAGE-GI,NC_008390.1,17.666868607676133,3.1677316293929714,8.800675936899435
SAGE-GI,NC_008463.1,53.47860905689653,12.815142428785608,10.202445894915114
SAGE-GI,NC_008543.1,100.0,2.958666666666667,12.505569146793372
SAGE-GI,NC_008563.1,84.15461992995665,11.55646186440678,18.575272652141617
SAGE-GI,NC_008577.1,71.40063218971464,20.068356997971602,9.915120135859269
SAGE-GI,NC_008595.1,98.91073478760046,9.959682080924855,12.638136013738311
SAGE-GI,NC_008600.1,12.380768319597012,4.7669227076332215,7.924534690382952
SAGE-GI,NC_008611.1,45.67383031117081,1.920235294117647,7.546692719625628
SAGE-GI,NC_008750.1,82.77115756720737,29.33517786561265,10.746796137949783
SAGE-GI,NC_008819.1,62.6269908894278,5.721556886227545,8.955715328377122
SAGE-GI,NC_009052.1,57.495535245298875,5.938155515370705,10.785243758210827
SAGE-GI,NC_009074.1,17.787856083913855,4.2363325740318905,13.462998604376702
SAGE-GI,NC_009076.1,14.351964852330974,2.4519459888800634,12.626443071314581
SAGE-GI,NC_009080.1,0.0,0.0,8.936726886589103
SAGE-GI,NC_009085.1,77.04324509491241,25.42787524366472,12.899990871936284
SAGE-GI,NC_009256.1,91.56597042407503,54.49743150684932,15.987674160250151
SAGE-GI,NC_009342.1,53.92321074040781,21.942631578947367,11.465886423153366
SAGE-GI,NC_009438.1,74.76583216222919,21.455474452554746,11.761625336429702
SAGE-GI,NC_009445.1,98.76700699369803,33.79191639772553,8.726512545216734
SAGE-GI,NC_009485.1,92.31112058062915,45.36048410335222,12.596968282041413
SAGE-GI,NC_009487.1,85.5152200740436,4.684788732394366,12.213162693088382
SAGE-GI,NC_009504.1,82.29173398823758,17.206756756756757,6.356186974970367
SAGE-GI,NC_009512.1,79.6847875742348,17.02942817294282,12.030274008366494
SAGE-GI,NC_009567.1,100.0,12.028382838283829,8.027800033064999
SAGE-GI,NC_009632.1,100.0,4.949702380952381,11.560268046834224
SAGE-GI,NC_009665.1,93.87114589366774,34.49950495049505,11.58769379270572
SAGE-GI,NC_009708.1,62.690293607431784,9.866802755805052,8.297154577747028
SAGE-GI,NC_009782.1,100.0,8.63109756097561,11.388224575788634
SAGE-GI,NC_009783.1,79.1714707936147,27.304956594791374,9.483843604487337
SAGE-GI,NC_009800.1,37.17793301828642,6.4508021390374335,12.081305246129137
SAGE-GI,NC_009801.1,78.32341336186718,19.16808510638298,12.270015035286837
SAGE-GI,NC_009900.1,100.0,7.814795918367347,14.402254981637125
SAGE-GI,NC_009901.1,30.84480381869432,6.945332406763956,8.342704462448264
SAGE-GI,NC_009997.1,76.69791277273308,25.243420028033018,12.007967410739248
SAGE-GI,NC_010084.1,40.439795204243254,10.518802395209581,12.10683242925985
SAGE-GI,NC_010102.1,50.58559899161429,4.579239302694137,12.986513166492655
SAGE-GI,NC_010159.1,25.61648691072966,2.411344137273594,9.315638061263863
SAGE-GI,NC_010167.1,71.40727489564699,6.472972972972973,10.565059349934753
SAGE-GI,NC_010184.1,23.218437858195514,5.5388671875,9.728707763489794
SAGE-GI,NC_010322.1,84.51017541875218,26.400471142520612,11.17393800701826
SAGE-GI,NC_010334.1,11.917565133223993,1.8942307692307692,8.95365279379795
SAGE-GI,NC_010380.1,71.27195110119337,22.430534351145038,11.667182486757525
SAGE-GI,NC_010400.1,30.311106744126064,6.267682539682539,11.50658366535611
SAGE-GI,NC_010410.1,55.20390044241129,21.180831408775983,11.000202982960355
SAGE-GI,NC_010465.1,78.79011017021156,24.917151813703537,9.523523166194009
SAGE-GI,NC_010473.1,35.39151487577791,3.8279437609841827,12.14219729384779
SAGE-GI,NC_010498.1,62.408352892781956,6.716536458333334,15.15274380084086
SAGE-GI,NC_010501.1,100.0,29.532148377125193,11.204763150010477
SAGE-GI,NC_010515.1,94.43987366968338,25.550981330780278,12.999737702755304
SAGE-GI,NC_010551.1,18.89312183971739,4.964688751365125,7.977156351393301
SAGE-GI,NC_010582.1,100.0,5.049787234042554,10.63734441186349
SAGE-GI,NC_010612.1,70.86050594811523,11.063356643356643,10.773220395830718
SAGE-GI-P,AC_000091.1,41.5981045129755,4.90043956043956,9.792670863812573
SAGE-GI-P,NC_000907.1,,0.0,2.185627531912894
SAGE-GI-P,NC_000913.2,57.71288814420453,10.341646489104116,8.901485556639205
SAGE-GI-P,NC_002516.2,42.67392735652365,8.888857142857143,5.587123691256184
SAGE-GI-P,NC_002655.2,97.91005871828769,30.687994143484627,12.354287688491068
SAGE-GI-P,NC_002695.1,97.91069294367036,29.93578947368421,12.094317489474307
SAGE-GI-P,NC_002758.2,100.0,10.846360153256706,9.067131163173968
SAGE-GI-P,NC_002944.2,100.0,15.06732597945987,5.443310990705376
SAGE-GI-P,NC_002947.3,85.90472857929257,29.345481049562682,11.096978370436226
SAGE-GI-P,NC_003047.1,78.07659668963986,46.218779342723,5.8290128854024275
SAGE-GI-P,NC_003197.1,70.0056319897015,14.147967479674797,10.128808802675982
SAGE-GI-P,NC_003198.1,84.8178897742918,28.18019801980198,10.501062894712602
SAGE-GI-P,NC_003485.1,31.902375858574484,6.8271084337349395,8.759815875002705
SAGE-GI-P,NC_003909.8,37.72760832670125,23.420535714285716,6.431504572014954
SAGE-GI-P,NC_003923.1,100.0,11.227374301675978,6.346477988357936
SAGE-GI-P,NC_003997.3,17.920069845567905,7.336182336182336,7.3862322238298095
SAGE-GI-P,NC_004070.1,17.90850538203635,3.0294776119402984,14.101396406564307
SAGE-GI-P,NC_004088.1,0.0,0.0,6.977115712529791
SAGE-GI-P,NC_004116.1,19.042988952790765,3.9170212765957446,10.878284952739637
SAGE-GI-P,NC_004337.1,45.57151083279349,9.276556776556777,5.925504042257309
SAGE-GI-P,NC_004347.1,25.362048894062863,4.0344444444444445,5.432810918259738
SAGE-GI-P,NC_004368.1,49.004047933950545,34.60471698113208,4.793159347678143
SAGE-GI-P,NC_004431.1,100.0,35.15192709889453,12.795741430446908
SAGE-GI-P,NC_004459.2,30.705025750310778,3.7125766871165644,9.93313718942188
SAGE-GI-P,NC_004578.1,86.47975607139026,30.12943925233645,10.035756681985005
SAGE-GI-P,NC_004603.1,73.0915385074508,13.65724907063197,8.179877016005191
SAGE-GI-P,NC_004606.1,43.590554025375894,7.880816326530613,12.933708146916366
SAGE-GI-P,NC_004631.1,84.9342698009665,33.31606425702811,10.392405113480683
SAGE-GI-P,NC_004722.1,29.484826990686486,7.670076213397513,9.21318546164508
SAGE-GI-P,NC_004741.1,59.63939966775506,16.324970599764796,5.546431085756826
SAGE-GI-P,NC_005071.1,100.0,12.576680068925905,7.22145048702275
SAGE-GI-P,NC_005139.1,32.007064463226946,3.485164835164835,10.851079369385348
SAGE-GI-P,NC_005773.3,81.05179884006643,33.198712446351934,7.85995516452185
SAGE-GI-P,NC_005945.1,13.598198635847409,5.823446724768063,6.802886321034651
SAGE-GI-P,NC_006086.1,61.08535245172432,24.835744680851064,12.369221796990015
SAGE-GI-P,NC_006155.1,42.43832105094521,7.075792988313856,6.312344944465063
SAGE-GI-P,NC_006350.1,47.15693978141296,7.92972972972973,8.172697692157794
SAGE-GI-P,NC_006511.1,27.553966023757823,2.4625570776255707,9.552412758446744
SAGE-GI-P,NC_006905.1,65.91337977308203,6.934313725490196,8.579178669806758
SAGE-GI-P,NC_007005.1,63.13670326085848,12.24090909090909,8.303660601493542
SAGE-GI-P,NC_007146.2,100.0,28.301785714285714,8.775182946894473
SAGE-GI-P,NC_007297.1,19.973567386221152,7.1442424242424245,8.974444046788944
SAGE-GI-P,NC_007335.2,43.02283171639069,11.796,8.139350013212878
SAGE-GI-P,NC_007384.1,41.37660393889061,5.844031967001804,8.038936721610108
SAGE-GI-P,NC_007432.1,27.160714551766265,11.048484848484849,7.754346075995411
SAGE-GI-P,NC_007434.1,84.54308656281727,38.16689814814815,10.469448114675355
SAGE-GI-P,NC_007510.1,65.05366711728585,28.2568093385214,7.6526897025169145
SAGE-GI-P,NC_007530.2,12.83937231688913,4.640190627482129,7.2253630328848715
SAGE-GI-P,NC_007606.1,0.0,0.0,3.5475342119621938
SAGE-GI-P,NC_007613.1,30.77476390468014,4.847587719298246,6.053334389421887
SAGE-GI-P,NC_007651.1,45.473505602884515,10.486956521739131,9.660818633618966
SAGE-GI-P,NC_007761.1,78.27164517596573,35.51232285890327,7.408239166990748
SAGE-GI-P,NC_007778.1,100.0,36.24426751592357,5.8893522012672985
SAGE-GI-P,NC_007793.1,100.0,9.176255707762557,7.623306990572511
SAGE-GI-P,NC_007946.1,100.0,22.754205607476635,12.6733680225657
SAGE-GI-P,NC_007958.1,100.0,31.277130044843048,9.11558955893014
SAGE-GI-P,NC_008022.1,29.304139775217646,7.630890052356021,9.905344322215145
SAGE-GI-P,NC_008023.1,68.14929537803832,27.875916230366492,10.266857669638322
SAGE-GI-P,NC_008024.1,67.63785848743218,22.519354838709678,11.202249122533505
SAGE-GI-P,NC_008060.1,41.326384043993926,15.9,5.7670774545819885
SAGE-GI-P,NC_008061.1,73.29881656804734,4.719047619047619,10.54345787404441
SAGE-GI-P,NC_008253.1,84.85108729073232,13.184349258649094,12.29013630510314
SAGE-GI-P,NC_008258.1,22.337106868881083,4.170329670329671,5.968147146088874
SAGE-GI-P,NC_008321.1,67.98816045237675,30.29488188976378,5.397035922373624
SAGE-GI-P,NC_008322.1,70.64252785247791,27.966920152091255,5.487615307734199
SAGE-GI-P,NC_008390.1,21.677343186339886,3.7274436090225564,7.479168687588657
SAGE-GI-P,NC_008463.1,64.19784594967076,15.400408163265306,7.495050207658779
SAGE-GI-P,NC_008543.1,100.0,3.2536656891495603,11.371730877484106
SAGE-GI-P,NC_008563.1,82.55862544825509,13.614102564102565,12.278570058195307
SAGE-GI-P,NC_008577.1,65.44961818430092,17.905172413793103,6.998908331194778
SAGE-GI-P,NC_008595.1,98.91073478760046,15.384151785714286,8.181914644732318
SAGE-GI-P,NC_008600.1,16.961761515531983,7.261060329067642,5.202496970282614
SAGE-GI-P,NC_008611.1,100.0,2.904270462633452,4.989695656976003
SAGE-GI-P,NC_008750.1,79.99728091982598,33.4869918699187,7.837090464236107
SAGE-GI-P,NC_008819.1,62.6269908894278,9.1875,5.577211941025274
SAGE-GI-P,NC_009052.1,55.773716951788494,9.355434782608695,3.588580201647002
SAGE-GI-P,NC_009074.1,16.589713735094552,3.9603833865814697,7.999086110800888
SAGE-GI-P,NC_009076.1,23.574783305968154,4.187182095625635,7.39384047206249
SAGE-GI-P,NC_009080.1,0.0,0.0,7.801041683651882
SAGE-GI-P,NC_009085.1,80.98954452888293,35.75794956140351,9.173326842265801
SAGE-GI-P,NC_009256.1,100.0,69.41935483870968,11.881251002651656
SAGE-GI-P,NC_009342.1,61.35730084611874,26.559878419452886,9.927043771624888
SAGE-GI-P,NC_009438.1,74.66902424389434,36.9006309148265,6.803713926365357
SAGE-GI-P,NC_009445.1,98.58298445670746,36.51472275334608,7.013932781847782
SAGE-GI-P,NC_009485.1,91.13545502485724,43.43705692803437,11.26479441992177
SAGE-GI-P,NC_009487.1,100.0,5.296496815286624,10.802628410224653
SAGE-GI-P,NC_009504.1,82.29173398823758,17.206756756756757,6.356186974970367
SAGE-GI-P,NC_009512.1,73.6903936848155,14.878668941979523,9.832274154676101
SAGE-GI-P,NC_009567.1,100.0,24.297333333333334,3.974158432210395
SAGE-GI-P,NC_009632.1,100.0,5.347588424437299,10.700129055254298
SAGE-GI-P,NC_009665.1,93.31006969290034,40.13237774030354,9.07129032221055
SAGE-GI-P,NC_009708.1,51.28595923032959,7.618867924528302,6.732572482070822
SAGE-GI-P,NC_009782.1,100.0,11.278884462151394,8.714769416228497
SAGE-GI-P,NC_009783.1,80.84329349269588,25.269821502698214,6.397809925289834
SAGE-GI-P,NC_009800.1,40.3714859437751,7.833116883116883,9.949310202694583
SAGE-GI-P,NC_009801.1,83.43767785998861,24.157562076749436,8.896262947024661
SAGE-GI-P,NC_009900.1,100.0,15.424974823766364,7.296652651411054
SAGE-GI-P,NC_009901.1,21.038597974957128,5.990301003344482,5.77824562027341
SAGE-GI-P,NC_009997.1,76.19849543444185,26.258032128514056,9.31314089791021
SAGE-GI-P,NC_010084.1,41.027269924608326,13.251659625829813,9.610070100734646
SAGE-GI-P,NC_010102.1,50.58559899161429,5.4009345794392525,11.010752050829748
SAGE-GI-P,NC_010159.1,27.15512614063339,4.342489270386266,5.1728876746293615
SAGE-GI-P,NC_010167.1,,0.0,3.4978912712621817
SAGE-GI-P,NC_010184.1,19.61949565879138,6.595116279069767,8.170594410743382
SAGE-GI-P,NC_010322.1,82.8032043198669,28.355312667980648,9.181647234565505
SAGE-GI-P,NC_010334.1,13.718450658454682,2.3514588859416445,7.212664750559459
SAGE-GI-P,NC_010380.1,100.0,35.834146341463416,7.303121861939825
SAGE-GI-P,NC_010400.1,96.91341056351855,11.641037735849057,6.195290760775861
SAGE-GI-P,NC_010410.1,67.71835520146493,30.67324414715719,7.595983122182785
SAGE-GI-P,NC_010465.1,39.50482652772729,7.768864177918983,5.369509926662901
SAGE-GI-P,NC_010473.1,49.585666803260025,6.640548780487805,6.999368563061643
SAGE-GI-P,NC_010498.1,54.50272359866456,6.587787610619469,11.147526363899852
SAGE-GI-P,NC_010501.1,100.0,29.9018779342723,11.066218937954707
SAGE-GI-P,NC_010515.1,94.43987366968338,29.08773841961853,11.419108992128283
SAGE-GI-P,NC_010551.1,12.645657240251834,3.9028448738593666,5.410062716652975
SAGE-GI-P,NC_010582.1,100.0,6.449456521739131,8.328814348012264
SAGE-GI-P,NC_010612.1,73.81976176308787,14.644097995545657,6.76528105975943
Comp-only+center,AC_000091.1,41.5981045129755,5.2438852304797745,9.151304728116717
Comp-only+center,NC_000907.1,0.0,0.0,7.485774296801662
Comp-only+center,NC_000913.2,66.53943822150212,10.614065606361828,8.673021278430063
Comp-only+center,NC_002516.2,32.974513029587776,6.2355725879170425,7.081280198403552
Comp-only+center,NC_002655.2,96.16728876152327,30.73472485768501,14.29877659993
Comp-only+center,NC_002695.1,100.0,36.521676677983805,13.927561403668307
Comp-only+center,NC_002758.2,100.0,10.54338919925512,9.327680909242186
Comp-only+center,NC_002944.2,81.51043573782498,13.724106041923552,6.7166606519011935
Comp-only+center,NC_002947.3,80.42750724455084,27.929040196882692,11.831384810695416
Comp-only+center,NC_003047.1,61.88637731697698,34.939453125,7.0057619655540915
Comp-only+center,NC_003197.1,75.13149430506678,14.740163325909428,11.092280859515892
Comp-only+center,NC_003198.1,93.32043548715042,26.670188413453072,11.809017065162942
Comp-only+center,NC_003485.1,16.68108862526169,3.723364485981308,16.939162023348604
Comp-only+center,NC_003909.8,26.81570329868413,14.867166354361856,9.193606089103518
Comp-only+center,NC_003923.1,56.55391715443494,8.146331576813944,8.74679396496035
Comp-only+center,NC_003997.3,8.769972726385843,4.62136790344211,8.558923328001702
Comp-only+center,NC_004070.1,13.09765448804691,2.326101468624833,15.764098370920395
Comp-only+center,NC_004088.1,0.0,0.0,8.39644797429987
Comp-only+center,NC_004116.1,13.252040713493903,3.059155865736125,13.928833796933434
Comp-only+center,NC_004337.1,34.34730721377244,3.856043329532497,7.6141641685855825
Comp-only+center,NC_004347.1,40.34171877272066,7.316191983122363,7.6300811118670095
Comp-only+center,NC_004368.1,56.45191975095123,19.545209580838325,15.102973793627358
Comp-only+center,NC_004431.1,94.59100963549419,31.381297662207775,15.290280206475174
Comp-only+center,NC_004459.2,32.053285309462645,3.1193298969072165,11.822261440170825
Comp-only+center,NC_004578.1,86.44053789211462,32.444313146233384,10.58287737337048
Comp-only+center,NC_004603.1,54.747724839400426,5.989385065885798,8.30759256792795
Comp-only+center,NC_004606.1,30.65520192981091,4.994611727416799,16.65544865449842
Comp-only+center,NC_004631.1,94.1319558325134,29.366473396998636,12.237161362540304
Comp-only+center,NC_004722.1,25.434629351281608,7.343125960061444,9.623399495436738
Comp-only+center,NC_004741.1,54.60351559664988,10.55795677799607,7.746740085672902
Comp-only+center,NC_005071.1,63.424489200841435,7.605394605394605,16.608091757633023
Comp-only+center,NC_005139.1,33.752826925635226,3.378428761651132,11.193901931879665
Comp-only+center,NC_005773.3,65.11234129105988,22.82797279911781,9.177256663125188
Comp-only+center,NC_005945.1,7.767853427305709,4.157319295403928,9.446009429179123
Comp-only+center,NC_006086.1,21.78649237472767,4.043545878693624,13.537718494407796
Comp-only+center,NC_006155.1,64.06518978411175,9.621318075863531,9.945895089459311
Comp-only+center,NC_006350.1,28.138956770877222,5.181148176881304,12.654182973202877
Comp-only+center,NC_006511.1,30.20357872924309,2.1311993677138905,11.03761665993127
Comp-only+center,NC_006905.1,56.65992429856007,5.0766194150367845,11.718569295792419
Comp-only+center,NC_007005.1,49.56256156004536,9.842209072978303,9.984085197527019
Comp-only+center,NC_007146.2,86.45762791942927,31.659746251441753,9.05724239875894
Comp-only+center,NC_007297.1,16.929727556047048,5.0810344827586205,12.61861223548506
Comp-only+center,NC_007335.2,33.00297683874247,11.066342057212417,8.915301381139171
Comp-only+center,NC_007384.1,46.44553183504381,8.364179880426306,7.972619120400641
Comp-only+center,NC_007432.1,29.925260567293844,10.125095932463546,12.247167196390327
Comp-only+center,NC_007434.1,76.91850594227505,30.454448965151247,13.699951433393467
Comp-only+center,NC_007510.1,51.32809820594392,23.645600653772814,9.937397912253127
Comp-only+center,NC_007530.2,8.319009140709088,4.496201432602561,8.8131446895686
Comp-only+center,NC_007606.1,27.200634417129262,6.661631419939577,5.302991463946066
Comp-only+center,NC_007613.1,53.37344690161757,11.655631399317405,6.482554737209842
Comp-only+center,NC_007651.1,30.254235295039944,7.499417022930431,13.509394752337824
Comp-only+center,NC_007761.1,75.76018451298722,29.4512987012987,9.138197666244904
Comp-only+center,NC_007778.1,100.0,34.724057602710715,8.856535380377128
Comp-only+center,NC_007793.1,91.44937428896473,8.373333333333333,8.354309030764394
Comp-only+center,NC_007946.1,100.0,24.251300520208083,14.799414340369948
Comp-only+center,NC_007958.1,100.0,29.74049773755656,9.033835392482336
Comp-only+center,NC_008022.1,20.14067379708703,5.9127789046653145,12.783598824220071
Comp-only+center,NC_008023.1,50.94434536058902,21.514098107377364,13.916698694603987
Comp-only+center,NC_008024.1,49.34615112744751,16.453535353535354,15.332110550195626
Comp-only+center,NC_008060.1,39.69174496553037,16.293887803516608,10.875493957772244
Comp-only+center,NC_008061.1,57.13462092822139,4.219586374695864,11.791459010155789
Comp-only+center,NC_008253.1,78.62350614736481,12.309462915601022,15.041750018222608
Comp-only+center,NC_008258.1,28.60358316240402,3.891825142010373,8.851658532788957
Comp-only+center,NC_008321.1,72.32052303680092,21.38859132297804,7.934067769347683
Comp-only+center,NC_008322.1,70.15407748789252,17.384224534236633,8.623693561545796
Comp-only+center,NC_008390.1,14.366270873602977,2.6708997568224806,10.406166658934444
Comp-only+center,NC_008463.1,59.33444705252102,12.498292501855977,10.301870030322831
Comp-only+center,NC_008543.1,95.7703927492447,3.279633461424771,11.281690779627194
Comp-only+center,NC_008563.1,87.4522337859017,12.973223615464995,15.064860956016549
Comp-only+center,NC_008577.1,58.84749817760416,13.556081808396124,9.341933677701075
Comp-only+center,NC_008595.1,89.16807853298783,10.558636967104293,12.380624860857226
Comp-only+center,NC_008600.1,0.0,0.0,7.0704501786254035
Comp-only+center,NC_008611.1,45.38932146829811,2.1380665444066023,6.777817908426122
Comp-only+center,NC_008750.1,79.85264227642277,31.481248544141625,9.117785735221032
Comp-only+center,NC_008819.1,48.62845554488206,16.113174182139698,6.065217985864986
Comp-only+center,NC_009052.1,68.32256417834257,9.616184533938362,10.31521776440815
Comp-only+center,NC_009074.1,17.340779558581648,4.511743630573249,12.839427674333436
Comp-only+center,NC_009076.1,11.723044497821155,2.374158815612382,13.040137095692442
Comp-only+center,NC_009080.1,0.0,0.0,8.719316117261071
Comp-only+center,NC_009085.1,98.35054224300279,42.70206766917293,8.026660986982577
Comp-only+center,NC_009256.1,91.49066359063842,58.50982961992136,14.621604056489051
Comp-only+center,NC_009342.1,57.620871785942306,24.9748427672956,9.595136533059922
Comp-only+center,NC_009438.1,66.74813004517515,17.762105855855857,7.623593648722318
Comp-only+center,NC_009445.1,96.92464896811025,37.47856598016781,8.790885159658165
Comp-only+center,NC_009485.1,91.86880339215564,45.02954494000453,10.688850043564868
Comp-only+center,NC_009487.1,55.99097734235599,5.580872483221476,10.252176007155882
Comp-only+center,NC_009504.1,42.78849385039317,13.94633077765608,7.842160416416141
Comp-only+center,NC_009512.1,72.09273806198435,16.801683073991743,10.56717792255121
Comp-only+center,NC_009567.1,69.82536602575411,12.323785803237858,8.50999792283986
Comp-only+center,NC_009632.1,55.758205652596644,5.74274861878453,9.96385007846188
Comp-only+center,NC_009665.1,88.1392229078758,34.93445475638051,9.889695098329039
Comp-only+center,NC_009708.1,74.42118952083496,14.028074586214121,10.105210206579883
Comp-only+center,NC_009782.1,100.0,10.47742413027387,9.381397196274662
Comp-only+center,NC_009783.1,71.46027295010036,18.55552645364065,10.139824945934656
Comp-only+center,NC_009800.1,49.053158592254455,8.286567164179104,8.657191994552429
Comp-only+center,NC_009801.1,80.04599263828526,20.674262233843855,10.751826595568858
Comp-only+center,NC_009879.1,,0.0,9.05350361967697
Comp-only+center,NC_009900.1,100.0,12.969517358171041,8.678093435364003
Comp-only+center,NC_009901.1,38.071074206262494,13.154642058165548,6.910704460902245
Comp-only+center,NC_009997.1,79.16456251498411,24.67329093799682,11.762983182300244
Comp-only+center,NC_010084.1,36.7848826495569,10.954352706410576,11.625458972192273
Comp-only+center,NC_010102.1,58.233741107237144,4.686182289977295,12.690148999143219
Comp-only+center,NC_010159.1,22.45557740328359,5.051560379918589,8.181154970390212
Comp-only+center,NC_010167.1,42.30623340498167,15.694183864915573,7.609698153398951
Comp-only+center,NC_010184.1,9.284689864028906,3.2599956775448455,8.79193961360689
Comp-only+center,NC_010322.1,76.59036808072194,24.228294464737285,11.710260708768546
Comp-only+center,NC_010334.1,11.311251627885083,1.4873117392201363,9.273152797337321
Comp-only+center,NC_010380.1,79.62172634773538,23.037240297922384,11.359916993785667
Comp-only+center,NC_010400.1,42.29912244618127,9.891382765531063,7.291155871762157
Comp-only+center,NC_010410.1,70.6526804621007,31.185853482497293,7.039621816578094
Comp-only+center,NC_010465.1,70.17582286294578,18.199328685773303,8.258980121511286
Comp-only+center,NC_010473.1,51.580742179174464,5.9413529732678665,7.823074741519507
Comp-only+center,NC_010498.1,65.03203409443708,7.588177177671661,11.982111081055539
Comp-only+center,NC_010501.1,93.78258259878471,20.273800845604317,11.878434381131663
Comp-only+center,NC_010515.1,91.11731023344589,26.521367521367523,12.377442934791908
Comp-only+center,NC_010551.1,15.372129983430833,4.621484242629617,8.569562574794915
Comp-only+center,NC_010582.1,55.44549829463159,6.222863135815417,8.632091826988798
Comp-only+center,NC_010612.1,79.08115769433985,13.5227305320522,10.506526688129734
SSG-LUGIA-F,AC_000091.1,41.5981045129755,5.261208117036338,9.121173433151139
SSG-LUGIA-F,NC_000907.1,0.0,0.0,7.1633942358445095
SSG-LUGIA-F,NC_000913.2,72.09946150340147,10.616703952274422,8.670865955050731
SSG-LUGIA-F,NC_002516.2,23.748327978698136,4.267070979335131,7.106821335277866
SSG-LUGIA-F,NC_002655.2,97.98542053784739,30.27151148120111,14.336761964711597
SSG-LUGIA-F,NC_002695.1,100.0,35.57834311806914,13.940292264183544
SSG-LUGIA-F,NC_002758.2,82.41579085271769,10.124821173104435,9.713294533423147
SSG-LUGIA-F,NC_002944.2,75.3674665269912,14.692086790044671,6.48890705396373
SSG-LUGIA-F,NC_002947.3,82.6265484282806,26.826494888671053,11.551533898438059
SSG-LUGIA-F,NC_003047.1,66.71804348680848,34.07309236947791,6.814198161808472
SSG-LUGIA-F,NC_003197.1,79.22475731435392,13.323863636363637,10.869941154091297
SSG-LUGIA-F,NC_003198.1,91.57716579525221,25.374825662482568,11.92754391367752
SSG-LUGIA-F,NC_003485.1,17.91904047976012,3.8880936890045543,16.22149036130019
SSG-LUGIA-F,NC_003909.8,26.598871092869235,14.939042713028547,8.917970178874308
SSG-LUGIA-F,NC_003923.1,55.92442119323241,8.23310118803769,8.654610485799843
SSG-LUGIA-F,NC_003997.3,6.887365666962181,3.534398579671549,8.620140481889957
SSG-LUGIA-F,NC_004070.1,4.919350908825106,0.6974093264248704,15.232665148135696
SSG-LUGIA-F,NC_004088.1,0.0,0.0,8.092150092756514
SSG-LUGIA-F,NC_004116.1,14.291037245191038,3.107697501688049,13.711268097878643
SSG-LUGIA-F,NC_004337.1,33.46699764496213,2.9951580746226147,7.620675711489161
SSG-LUGIA-F,NC_004347.1,36.676933908298864,5.846801346801347,7.171310412102853
SSG-LUGIA-F,NC_004368.1,58.217572534819446,19.365291262135923,14.904012462214302
SSG-LUGIA-F,NC_004431.1,93.42047044473411,29.420411749937234,15.227199915587104
SSG-LUGIA-F,NC_004459.2,36.29906313146776,3.358640226628895,10.755820330877066
SSG-LUGIA-F,NC_004578.1,83.43520393458822,31.954271788990827,10.904896980300215
SSG-LUGIA-F,NC_004603.1,54.747724839400426,5.958849235251274,8.350164418568868
SSG-LUGIA-F,NC_004606.1,31.47844807413301,4.247552889169561,16.718797429095563
SSG-LUGIA-F,NC_004631.1,92.77962866661714,27.67746334810774,12.241335019212386
SSG-LUGIA-F,NC_004722.1,24.7812381288779,7.109751434034417,9.664051336623299
SSG-LUGIA-F,NC_004741.1,50.475896168108775,9.173827576523449,7.7423916489141735
SSG-LUGIA-F,NC_005071.1,63.424489200841435,7.601597603594608,16.61638750776171
SSG-LUGIA-F,NC_005139.1,33.88264202345023,3.378428761651132,11.193901931879665
SSG-LUGIA-F,NC_005773.3,61.97778688606532,22.923645775559255,9.123282722081262
SSG-LUGIA-F,NC_005945.1,6.611875323529162,3.3707549210469394,8.84164842905347
SSG-LUGIA-F,NC_006086.1,27.35618276034406,4.224207961007311,12.958733644335924
SSG-LUGIA-F,NC_006155.1,69.493999871655,9.177330508474576,9.948002717153622
SSG-LUGIA-F,NC_006350.1,25.629008658151534,4.5331776610235455,12.612460492492161
SSG-LUGIA-F,NC_006511.1,31.047783534830167,2.119056974459725,11.10086322842327
SSG-LUGIA-F,NC_006905.1,61.965448881336734,4.693600286020737,11.762726833063482
SSG-LUGIA-F,NC_007005.1,48.217956512927415,10.998183919432062,9.939777127123794
SSG-LUGIA-F,NC_007146.2,86.12147391845016,30.601162790697675,8.984115874201484
SSG-LUGIA-F,NC_007297.1,16.120882787549455,4.326652452025586,12.754588660436408
SSG-LUGIA-F,NC_007335.2,43.24928639391056,12.243771043771044,8.05795651308075
SSG-LUGIA-F,NC_007384.1,36.68006577745295,6.252270957695302,7.9850536706274164
SSG-LUGIA-F,NC_007432.1,27.580109380723226,8.398461538461538,12.2189695742958
SSG-LUGIA-F,NC_007434.1,82.65496552174602,32.05373620408902,13.39459253004877
SSG-LUGIA-F,NC_007510.1,52.94770105314239,23.781266216917487,10.432778957729107
SSG-LUGIA-F,NC_007530.2,6.734550621188927,3.4389980565752536,8.859056448316082
SSG-LUGIA-F,NC_007606.1,30.110256507407268,7.224545454545455,5.035209849236662
SSG-LUGIA-F,NC_007613.1,53.64440093848568,11.66385135135135,6.548929017795609
SSG-LUGIA-F,NC_007651.1,30.23669427185759,7.5522504892367905,13.414886743965468
SSG-LUGIA-F,NC_007761.1,78.64579798281456,28.92461308037943,9.142762200543727
SSG-LUGIA-F,NC_007778.1,100.0,30.970642578525972,9.135998271456373
SSG-LUGIA-F,NC_007793.1,74.91519105312209,8.335130651182082,8.392599613822064
SSG-LUGIA-F,NC_007946.1,100.0,23.03775346851654,14.79744029550662
SSG-LUGIA-F,NC_007958.1,100.0,26.5243095183748,8.954125080195729
SSG-LUGIA-F,NC_008022.1,17.129484691002443,4.621199324324325,12.280552541887678
SSG-LUGIA-F,NC_008023.1,49.49969505222231,20.498421468034728,13.621056196263618
SSG-LUGIA-F,NC_008024.1,54.582314110511675,16.9559333795975,14.877825793152793
SSG-LUGIA-F,NC_008060.1,36.99144774902245,14.721775312066574,10.942270644088458
SSG-LUGIA-F,NC_008061.1,57.44689660883607,4.206791995148575,11.827321111768184
SSG-LUGIA-F,NC_008253.1,82.11835488505747,12.304494079655544,15.047824220679825
SSG-LUGIA-F,NC_008258.1,30.389173606662396,2.9342783505154637,8.482201804697741
SSG-LUGIA-F,NC_008321.1,70.43495923163972,20.93789534215066,7.390114542525775
SSG-LUGIA-F,NC_008322.1,70.04145798825847,17.295256534365926,8.62160701580141
SSG-LUGIA-F,NC_008390.1,12.719692110327133,2.6884490238611716,10.369614330762017
SSG-LUGIA-F,NC_008463.1,58.99705829546867,12.653436018957345,10.327873265737159
SSG-LUGIA-F,NC_008543.1,67.10009071666163,3.2546201232032854,11.368396059044962
SSG-LUGIA-F,NC_008563.1,87.98641084434853,13.645313112825207,15.05108691909229
SSG-LUGIA-F,NC_008577.1,60.29899993889647,12.470513900589722,9.549085274860001
SSG-LUGIA-F,NC_008595.1,88.03620813586579,10.872855853144749,12.137724269841737
SSG-LUGIA-F,NC_008600.1,0.0,0.0,7.074254563978444
SSG-LUGIA-F,NC_008611.1,58.703783628254925,2.136387434554974,6.783144985639976
SSG-LUGIA-F,NC_008750.1,76.54582816609452,30.60311377245509,8.867168750185838
SSG-LUGIA-F,NC_008819.1,69.63144439710268,15.638755980861244,4.483220367978009
SSG-LUGIA-F,NC_009052.1,65.68472237928304,9.058089668615985,10.005117627418
SSG-LUGIA-F,NC_009074.1,19.637638392127027,5.542243628336344,12.734647313137643
SSG-LUGIA-F,NC_009076.1,12.179076212926706,2.375986145853377,13.030108149646919
SSG-LUGIA-F,NC_009080.1,0.0,0.0,7.9640997606479065
SSG-LUGIA-F,NC_009085.1,100.0,43.13874841972187,7.956251680079221
SSG-LUGIA-F,NC_009256.1,91.56829782309444,56.58073014678209,14.547688439652278
SSG-LUGIA-F,NC_009342.1,51.40208920316755,20.884885204081634,9.462373637633936
SSG-LUGIA-F,NC_009438.1,68.21976399578797,19.112530413625304,7.0569752018578225
SSG-LUGIA-F,NC_009445.1,98.85934455412199,37.64473282442748,8.784179678987183
SSG-LUGIA-F,NC_009485.1,90.5193656867861,42.275188987927336,10.72393909170426
SSG-LUGIA-F,NC_009487.1,67.18781561830889,5.601549343213203,10.214332404444903
SSG-LUGIA-F,NC_009504.1,47.39094834003275,13.915846994535519,7.8593393001322776
SSG-LUGIA-F,NC_009512.1,73.42075382868536,16.905149051490515,10.525231360457882
SSG-LUGIA-F,NC_009567.1,69.54469043957224,12.054556726596404,8.547090068207156
SSG-LUGIA-F,NC_009632.1,66.85291634843429,5.582745887881839,10.249416223666415
SSG-LUGIA-F,NC_009665.1,89.48043199548013,31.82840579710145,9.895431580404637
SSG-LUGIA-F,NC_009708.1,77.16489410470341,15.022534582775547,9.489116309635666
SSG-LUGIA-F,NC_009782.1,100.0,10.481303221029249,9.37792517658692
SSG-LUGIA-F,NC_009783.1,77.92567640986634,16.377961747073936,9.303249550971476
SSG-LUGIA-F,NC_009800.1,55.30357443036814,9.436505867014342,8.258788880375265
SSG-LUGIA-F,NC_009801.1,80.35565177052729,19.4556345937851,10.727728366366986
SSG-LUGIA-F,NC_009879.1,,0.0,8.863811162883739
SSG-LUGIA-F,NC_009900.1,100.0,14.727884615384616,7.6420128473992905
SSG-LUGIA-F,NC_009901.1,40.27837112732617,13.186293706293707,6.908771937283424
SSG-LUGIA-F,NC_009997.1,78.7391082563841,24.95825771324864,11.334728309685497
SSG-LUGIA-F,NC_010084.1,34.2608765645752,10.577534791252486,11.668956573734524
SSG-LUGIA-F,NC_010102.1,63.94679100383983,4.549268292682926,12.657219647215504
SSG-LUGIA-F,NC_010159.1,27.7157405753082,5.276360544217687,7.832595586305747
SSG-LUGIA-F,NC_010167.1,58.70830689436367,20.132450331125828,7.545451170865563
SSG-LUGIA-F,NC_010184.1,10.821462516875428,3.860691144708423,8.79764002831206
SSG-LUGIA-F,NC_010322.1,73.20554878142107,20.434064369125604,11.55232518923472
SSG-LUGIA-F,NC_010334.1,4.247198616229225,0.4939864421605073,8.748943210691886
SSG-LUGIA-F,NC_010380.1,79.62172634773538,24.84904862579281,10.531636099687613
SSG-LUGIA-F,NC_010400.1,45.007568435066474,9.773861386138615,7.378825080641061
SSG-LUGIA-F,NC_010410.1,63.184847802977984,31.116545662972868,6.648390578846939
SSG-LUGIA-F,NC_010465.1,69.81215736859077,20.226569343065695,7.303642374432262
SSG-LUGIA-F,NC_010473.1,49.2815628027123,5.0426762114537445,7.750520311292649
SSG-LUGIA-F,NC_010498.1,59.548731114841516,5.8312651087832394,12.242548865132491
SSG-LUGIA-F,NC_010501.1,96.87026109934988,18.96487360376249,11.783185235343321
SSG-LUGIA-F,NC_010515.1,90.11735349574582,24.13112283345893,12.38677735631136
SSG-LUGIA-F,NC_010551.1,15.000989946542887,4.831030818278427,8.197856709131159
SSG-LUGIA-F,NC_010582.1,46.08006834155244,6.513172338090011,8.247336816346927
SSG-LUGIA-F,NC_010612.1,80.43139808078807,12.235108368020668,10.497486223461905
SSG-LUGIA-P,AC_000091.1,44.394225983076154,7.790705800139762,6.159697585105842
SSG-LUGIA-P,NC_000907.1,,0.0,3.857632593826258
SSG-LUGIA-P,NC_000913.2,74.48856799037304,13.849221789883268,6.647017301858428
SSG-LUGIA-P,NC_002516.2,22.056876980466086,4.815236427320491,5.468995933212481
SSG-LUGIA-P,NC_002655.2,100.0,37.39211412720428,9.129149335843985
SSG-LUGIA-P,NC_002695.1,100.0,35.71593352883676,9.302621647918958
SSG-LUGIA-P,NC_002758.2,100.0,13.702323330106486,7.177277005025831
SSG-LUGIA-P,NC_002944.2,76.6535915156798,25.75592747559275,2.9690787222029322
SSG-LUGIA-P,NC_002947.3,82.68724785125417,32.87881429816914,9.277138623097922
SSG-LUGIA-P,NC_003047.1,68.61840704735066,40.243757431629014,4.603004541430462
SSG-LUGIA-P,NC_003197.1,99.66537640632347,15.938964420017356,7.1169292745631845
SSG-LUGIA-P,NC_003198.1,100.0,33.574101427868044,8.446597520459918
SSG-LUGIA-P,NC_003485.1,28.55572810894756,6.31378763866878,9.989356296012119
SSG-LUGIA-P,NC_003909.8,33.567157313707455,21.178864353312303,6.067818301573633
SSG-LUGIA-P,NC_003923.1,72.34341252699784,12.58422041327489,5.662192931512639
SSG-LUGIA-P,NC_003997.3,6.689785073658737,3.1818451498071787,6.4488445549159
SSG-LUGIA-P,NC_004070.1,4.035195268832714,0.555886736214605,10.591832450154458
SSG-LUGIA-P,NC_004088.1,0.0,0.0,4.536211991292734
SSG-LUGIA-P,NC_004116.1,16.567376397113083,4.362559241706161,9.767311170332185
SSG-LUGIA-P,NC_004337.1,36.48601762542502,4.431521281078803,5.150630436731353
SSG-LUGIA-P,NC_004347.1,0.0,0.0,5.054526306173504
SSG-LUGIA-P,NC_004368.1,58.813296644210396,28.374872838250255,8.889954035410595
SSG-LUGIA-P,NC_004431.1,100.0,36.837690822951394,10.893775083973248
SSG-LUGIA-P,NC_004459.2,33.45835397353336,3.2450240219629376,8.878883978520049
SSG-LUGIA-P,NC_004578.1,82.06213952712216,35.87870497036024,6.856203864047698
SSG-LUGIA-P,NC_004603.1,52.523869699522606,7.724832214765101,5.890119620818608
SSG-LUGIA-P,NC_004606.1,41.60684230412531,6.086934673366835,10.505338454025946
SSG-LUGIA-P,NC_004631.1,100.0,34.62508776035572,8.917017479900192
SSG-LUGIA-P,NC_004722.1,27.868956339902414,9.283377308707124,7.003203549866598
SSG-LUGIA-P,NC_004741.1,53.9427087432124,12.485428051001822,4.774583561082708
SSG-LUGIA-P,NC_005071.1,100.0,13.450530035335689,9.390789145674617
SSG-LUGIA-P,NC_005139.1,48.50686345734715,3.953256466188844,9.566240026471865
SSG-LUGIA-P,NC_005773.3,63.43924458079766,24.350627413127413,6.9896253651885285
SSG-LUGIA-P,NC_005945.1,6.583641068153843,3.1217986896962477,6.422291893740331
SSG-LUGIA-P,NC_006086.1,0.0,0.0,8.632137764707926
SSG-LUGIA-P,NC_006155.1,34.155349517177704,4.138927738927739,4.520861404299687
SSG-LUGIA-P,NC_006350.1,19.7420939514891,2.6374077112387204,8.97524187994626
SSG-LUGIA-P,NC_006511.1,64.52114613866124,3.151957919345412,7.46309508205588
SSG-LUGIA-P,NC_006905.1,100.0,6.093308451079712,7.8873772525600865
SSG-LUGIA-P,NC_007005.1,55.19547421463762,12.626955217484465,7.6587320211799135
SSG-LUGIA-P,NC_007146.2,100.0,43.76784101174345,5.782218763221537
SSG-LUGIA-P,NC_007297.1,16.036746507823313,5.28403593642018,7.870315476184
SSG-LUGIA-P,NC_007335.2,100.0,5.342736248236953,3.8471994395786204
SSG-LUGIA-P,NC_007384.1,37.25052863308519,5.540715208961655,4.8100985127241715
SSG-LUGIA-P,NC_007432.1,29.274502712477396,9.164855072463768,10.376724930786587
SSG-LUGIA-P,NC_007434.1,85.846914167685,38.89441450269476,9.892659075024259
SSG-LUGIA-P,NC_007510.1,59.43442817034807,32.227806309611154,7.37928267741815
SSG-LUGIA-P,NC_007530.2,6.636272795403447,3.154051647373108,6.444863134177689
SSG-LUGIA-P,NC_007606.1,19.059842356357603,5.556311413454271,3.027992104790956
SSG-LUGIA-P,NC_007613.1,60.72040860061433,19.802562609202095,3.798821325525358
SSG-LUGIA-P,NC_007651.1,46.47398843930636,10.535626535626536,9.616189851887574
SSG-LUGIA-P,NC_007761.1,78.54512484307435,36.51686121919585,7.038511888786035
SSG-LUGIA-P,NC_007778.1,100.0,39.94446177847114,6.011265543013278
SSG-LUGIA-P,NC_007793.1,100.0,11.522935779816514,6.070797895688794
SSG-LUGIA-P,NC_007946.1,100.0,29.27709242740558,10.401242384875184
SSG-LUGIA-P,NC_007958.1,100.0,35.543377483443706,6.1724395668091985
SSG-LUGIA-P,NC_008022.1,22.222514673755693,5.055688622754491,8.660693726753557
SSG-LUGIA-P,NC_008023.1,59.28543384373773,25.25083612040134,9.643320764047722
SSG-LUGIA-P,NC_008024.1,63.92104540281756,24.843416370106763,10.154296785264242
SSG-LUGIA-P,NC_008060.1,27.991635630990903,8.850868725868725,6.289149729417831
SSG-LUGIA-P,NC_008061.1,57.44689660883607,5.344375963020031,9.30980157857799
SSG-LUGIA-P,NC_008253.1,86.4869721473495,17.14738421151322,10.797907234780073
SSG-LUGIA-P,NC_008258.1,34.43322042100169,4.633699633699634,5.371332431479987
SSG-LUGIA-P,NC_008321.1,68.93250261716248,26.005368098159508,5.5415234982481945
SSG-LUGIA-P,NC_008322.1,68.58123734440687,24.209724238026126,5.750520071526788
SSG-LUGIA-P,NC_008390.1,16.29416598192276,3.413080895008606,8.168039487761297
SSG-LUGIA-P,NC_008463.1,56.78518547006903,12.358233940154845,7.309968355592103
SSG-LUGIA-P,NC_008543.1,70.066308809599,4.077545020213157,9.07404097291327
SSG-LUGIA-P,NC_008563.1,86.19208796368758,16.885588348026065,10.267560667253703
SSG-LUGIA-P,NC_008577.1,61.187689448414716,16.69987922705314,6.661029997964684
SSG-LUGIA-P,NC_008595.1,86.98424059273397,14.737704918032787,8.13260399843594
SSG-LUGIA-P,NC_008600.1,0.0,0.0,5.088365409691406
SSG-LUGIA-P,NC_008611.1,88.68724190393392,4.322563559322034,3.3525072599183963
SSG-LUGIA-P,NC_008750.1,79.1786916396983,43.9007551240561,5.906490130363309
SSG-LUGIA-P,NC_008819.1,100.0,0.6790123456790124,1.737516027780951
SSG-LUGIA-P,NC_009052.1,51.58124540928752,9.95706971248523,4.951850615207467
SSG-LUGIA-P,NC_009074.1,21.158592244497786,6.399284253578732,4.998789914609117
SSG-LUGIA-P,NC_009076.1,23.37441081265262,3.92,7.897795010850066
SSG-LUGIA-P,NC_009080.1,0.0,0.0,6.199067593866384
SSG-LUGIA-P,NC_009085.1,100.0,37.163808664259925,5.572393717779884
SSG-LUGIA-P,NC_009256.1,79.15543986238602,30.86850697536361,9.223026411966227
SSG-LUGIA-P,NC_009342.1,49.26351443177185,19.791684166316674,7.184283045665306
SSG-LUGIA-P,NC_009438.1,61.93981116160104,23.27556237218814,4.1981275835869525
SSG-LUGIA-P,NC_009445.1,98.64856579364188,36.3808177878274,7.117197184180912
SSG-LUGIA-P,NC_009485.1,88.53292983992992,47.01860937235662,7.1521159845496864
SSG-LUGIA-P,NC_009487.1,100.0,7.652087475149106,6.921938968589809
SSG-LUGIA-P,NC_009504.1,100.0,33.507894736842104,3.2639879060658643
SSG-LUGIA-P,NC_009512.1,77.93703804163559,19.609085092770314,7.867497186224615
SSG-LUGIA-P,NC_009567.1,100.0,18.43236994219653,4.583529391815989
SSG-LUGIA-P,NC_009632.1,100.0,7.619094977623073,6.918958048268936
SSG-LUGIA-P,NC_009665.1,90.73011388717224,41.18403205918619,6.203049284412105
SSG-LUGIA-P,NC_009708.1,32.52204459101011,3.1602229188436084,6.078369684284693
SSG-LUGIA-P,NC_009782.1,100.0,13.630235917188251,7.211384891436888
SSG-LUGIA-P,NC_009783.1,75.92944867173942,18.03527546571542,6.7005705444193655
SSG-LUGIA-P,NC_009800.1,56.712990525438435,11.095174708818636,6.471358692445286
SSG-LUGIA-P,NC_009801.1,83.375404383287,22.196021348859777,8.277741730843264
SSG-LUGIA-P,NC_009879.1,,0.0,4.552618963037562
SSG-LUGIA-P,NC_009900.1,100.0,16.739890710382515,6.723501687856107
SSG-LUGIA-P,NC_009901.1,48.80871860886261,16.663314711359405,5.188825916533146
SSG-LUGIA-P,NC_009997.1,81.37394615826787,31.2847605893186,8.123751819381917
SSG-LUGIA-P,NC_010084.1,42.291373426630074,15.508354994430004,7.809269396885456
SSG-LUGIA-P,NC_010102.1,81.65661282999287,5.859436816383523,8.843589077086996
SSG-LUGIA-P,NC_010159.1,27.27873495397687,6.471444568868981,3.9651405093940086
SSG-LUGIA-P,NC_010167.1,100.0,78.64253393665159,1.5776203488753922
SSG-LUGIA-P,NC_010184.1,12.121109378178613,5.453020134228188,6.228653134515536
SSG-LUGIA-P,NC_010322.1,80.27890119649093,26.388165680473374,8.340969625380238
SSG-LUGIA-P,NC_010334.1,0.0,0.0,4.706407237765589
SSG-LUGIA-P,NC_010380.1,100.0,31.744356659142213,7.890934109364251
SSG-LUGIA-P,NC_010400.1,62.81440472705012,13.191727221911682,5.22800715614529
SSG-LUGIA-P,NC_010410.1,73.42779460200269,42.53265044814341,3.9682025541302712
SSG-LUGIA-P,NC_010465.1,22.833590932509015,4.253358925143954,4.444026484180098
SSG-LUGIA-P,NC_010473.1,53.5141397338403,6.77765237020316,5.672049280676173
SSG-LUGIA-P,NC_010498.1,69.4390763589515,6.2351501668520575,8.868695753226518
SSG-LUGIA-P,NC_010501.1,100.0,23.92146942366916,7.8727748500691845
SSG-LUGIA-P,NC_010515.1,89.88973234421934,28.565416285452883,10.202522720759847
SSG-LUGIA-P,NC_010551.1,16.618331586771625,6.691854759568204,5.918254329865143
SSG-LUGIA-P,NC_010582.1,100.0,8.568231046931407,6.269243408694014
SSG-LUGIA-P,NC_010612.1,77.78467414657436,11.435657463734207,6.439824331717552
TreasureIsland,AC_000091.1,95.59271168274384,3.3783333333333334,14.204753340914941
TreasureIsland,NC_000907.1,100.0,1.6020091671041705,29.3495900309157
TreasureIsland,NC_000913.2,72.63528451413217,7.25144312393888,12.69485470426269
TreasureIsland,NC_002516.2,93.29421735445597,6.038143459915612,18.916404497538792
TreasureIsland,NC_002655.2,92.34529536134406,18.660501792114694,25.233135176347055
TreasureIsland,NC_002695.1,97.68649186581708,24.505963938973647,26.225572661386394
TreasureIsland,NC_002758.2,61.592184848352986,3.155964325529543,31.161749629758813
TreasureIsland,NC_002947.3,97.96400860617533,10.783417869683964,41.45999353269394
TreasureIsland,NC_003047.1,100.0,37.194117647058825,8.374074849451375
TreasureIsland,NC_003197.1,80.45734004033923,7.0864439573987195,19.23716070549212
TreasureIsland,NC_003198.1,91.16341351605665,13.690036231884058,22.95677908071824
TreasureIsland,NC_003485.1,73.70043781217241,1.861632947414165,33.879221136274765
TreasureIsland,NC_003909.8,93.4926466695607,19.71004464285714,8.575339429353273
TreasureIsland,NC_003923.1,39.76611658553959,2.2696626168034313,31.39421839400779
TreasureIsland,NC_003997.3,83.86015586680473,7.810913705583756,7.537362072491441
TreasureIsland,NC_004070.1,90.01098622496409,1.593218462845595,35.1756702504208
TreasureIsland,NC_004088.1,31.95620273168529,0.7991493806192396,23.09957822140062
TreasureIsland,NC_004116.1,20.632536871833953,1.0787947969392933,39.498219433060825
TreasureIsland,NC_004337.1,81.10476469439563,3.393973442288049,21.249335008680973
TreasureIsland,NC_004368.1,71.72802981648961,6.984013080672691,44.10995326669636
TreasureIsland,NC_004431.1,94.96291211294644,25.68898931799507,23.263246669934098
TreasureIsland,NC_004459.2,74.18550749989068,4.338826065012482,35.739305728556005
TreasureIsland,NC_004578.1,97.38460931800707,18.897178383548543,32.68655330534368
TreasureIsland,NC_004603.1,84.34927298234929,9.634782608695652,24.478814118528547
TreasureIsland,NC_004606.1,81.89175698802053,3.978866224936122,30.47471987963733
TreasureIsland,NC_004631.1,99.11518115877351,17.68332234561728,19.657109062448548
TreasureIsland,NC_004722.1,100.0,8.436824877250409,11.290124984085729
TreasureIsland,NC_004741.1,93.63138294062881,4.806525735294118,23.655495967477172
TreasureIsland,NC_005139.1,69.84457922668689,2.373045078196872,32.40418482011504
TreasureIsland,NC_005773.3,93.00418832504394,9.50606784519828,35.302330814043415
TreasureIsland,NC_005945.1,79.76912898663139,4.699731182795699,7.114629495150099
TreasureIsland,NC_006086.1,84.40446578353676,8.831295384769026,34.785251887359024
TreasureIsland,NC_006155.1,94.12838733327693,14.28053475935829,19.70631894181915
TreasureIsland,NC_006350.1,87.42475109979162,6.803378378378379,21.793860512420782
TreasureIsland,NC_006511.1,35.26795932380735,1.4831641752460367,15.860254744092389
TreasureIsland,NC_006905.1,72.05766243027787,3.141112468080382,18.93937800954644
TreasureIsland,NC_007005.1,88.81140111975283,5.097847257816504,32.0166834654425
TreasureIsland,NC_007146.2,100.0,10.158389609641608,36.275457171361566
TreasureIsland,NC_007297.1,34.148319814600235,1.927548507572512,33.26277063387858
TreasureIsland,NC_007384.1,71.92717524093932,3.7152497808939526,23.64636968125067
TreasureIsland,NC_007432.1,62.567407602262264,5.577840600629193,40.08005304912637
TreasureIsland,NC_007434.1,94.56288688314832,22.499208056838892,23.563334829430392
TreasureIsland,NC_007510.1,79.27501970055161,11.791941391941393,22.17033203523648
TreasureIsland,NC_007530.2,84.34885512989872,7.605210918114144,7.709349489681236
TreasureIsland,NC_007606.1,55.26594014313598,2.904059829059829,21.422529176752345
TreasureIsland,NC_007613.1,54.90529730761279,3.4594188376753507,22.08051067486492
TreasureIsland,NC_007651.1,69.22955137523569,7.17910447761194,17.58899044707801
TreasureIsland,NC_007761.1,99.15755298529916,34.85248691614528,9.279880810880389
TreasureIsland,NC_007778.1,98.99016711291662,10.660964114190257,45.270287505420455
TreasureIsland,NC_007793.1,51.70453083592765,2.278458049886621,30.70208568805915
TreasureIsland,NC_007946.1,93.56231054544085,19.02153110047847,20.628768821777506
TreasureIsland,NC_007958.1,100.0,5.851476402445712,51.989865753527134
TreasureIsland,NC_008022.1,41.75260685229747,2.040596316146122,37.041424046234624
TreasureIsland,NC_008023.1,100.0,8.908300401517371,33.9373399163063
TreasureIsland,NC_008024.1,78.50498819220203,7.505171929210227,33.61247755033139
TreasureIsland,NC_008060.1,94.69721936813808,22.103016591251887,20.124065012567677
TreasureIsland,NC_008061.1,17.961498129280322,1.2607466520788144,39.464772478275634
TreasureIsland,NC_008253.1,87.24277087169311,9.833010752688173,18.83002761737384
TreasureIsland,NC_008258.1,63.07792516878985,5.272984293193717,20.877584338882325
TreasureIsland,NC_008321.1,100.0,4.340198321891686,55.712709403400176
TreasureIsland,NC_008322.1,99.90811402278212,5.261802733653491,56.48279330051892
TreasureIsland,NC_008390.1,76.02361600981445,1.464549483013294,19.035327825178648
TreasureIsland,NC_008463.1,100.0,9.169271523178807,23.096991456254603
TreasureIsland,NC_008543.1,20.47350162385592,1.0276345233331852,36.00483415280939
TreasureIsland,NC_008563.1,85.71841617891833,10.348396226415094,20.857827342447155
TreasureIsland,NC_008577.1,100.0,2.756893732970027,73.81032636633573
TreasureIsland,NC_008600.1,100.0,5.769318181818182,6.695718221350934
TreasureIsland,NC_008750.1,95.98252537830024,6.91807118953453,69.81169744158288
TreasureIsland,NC_009052.1,82.70811776878939,2.509332191780822,68.3390490574516
TreasureIsland,NC_009074.1,79.41770268834343,5.794195209749505,19.77913322107353
TreasureIsland,NC_009076.1,75.15401898963543,2.605276381909548,19.957602630592547
TreasureIsland,NC_009080.1,73.88616604684383,6.818181818181818,12.586939276886062
TreasureIsland,NC_009085.1,94.9587426614841,31.520975609756096,10.309934225134262
TreasureIsland,NC_009256.1,93.08191704916678,33.7048128342246,25.596704349030635
TreasureIsland,NC_009438.1,84.45264047362184,4.796619378207063,71.10632251750293
TreasureIsland,NC_009445.1,100.0,8.76025641025641,59.62513412637712
TreasureIsland,NC_009485.1,94.22508154203507,18.51484848398942,55.48530755006209
TreasureIsland,NC_009487.1,53.598246801379354,1.8356512141280352,31.16936732376922
TreasureIsland,NC_009504.1,19.86396468073821,1.6382748771261677,66.7588600092766
TreasureIsland,NC_009512.1,97.12173254270692,7.554452813469207,37.86935625785659
TreasureIsland,NC_009567.1,100.0,2.8767441860465115,36.45628001814335
TreasureIsland,NC_009632.1,53.81155762635087,1.82157721796276,31.41227597249895
TreasureIsland,NC_009665.1,96.75744117188718,7.525969696969697,63.101302831565796
TreasureIsland,NC_009708.1,92.68233945906445,11.250907258064515,21.002238686208347
TreasureIsland,NC_009782.1,61.550168496575715,3.027263550506433,32.46921707344849
TreasureIsland,NC_009783.1,92.26840040306155,13.935067847113897,32.8083889124812
TreasureIsland,NC_009800.1,63.24868483143122,5.441954887218045,14.32097680690887
TreasureIsland,NC_009801.1,81.75801382778127,13.692315789473684,19.07776478481587
TreasureIsland,NC_009879.1,99.08441757567793,3.2450502152080345,60.098019265855704
TreasureIsland,NC_009900.1,100.0,3.3450681156065323,33.64675383460039
TreasureIsland,NC_009901.1,97.66964446850749,2.0885190545103716,40.06121461814976
TreasureIsland,NC_009997.1,92.5200367499185,6.166027088036118,66.27664928151363
TreasureIsland,NC_010084.1,53.96942437201986,7.624305555555556,16.70307899222437
TreasureIsland,NC_010102.1,66.11825545741614,3.210958709260163,18.52043482385987
TreasureIsland,NC_010159.1,57.71198263835064,2.0124324324324325,20.536142055932014
TreasureIsland,NC_010167.1,89.3766125999974,18.86408043303359,52.17169078070077
TreasureIsland,NC_010184.1,100.0,3.2391509433962264,8.056586116639986
TreasureIsland,NC_010322.1,99.7793904494244,8.547053872053873,39.08904108462218
TreasureIsland,NC_010334.1,42.693793659672444,1.5718390804597702,39.94706631079085
TreasureIsland,NC_010400.1,74.02287079706434,7.608771929824561,8.32857484349585
TreasureIsland,NC_010410.1,96.65759270892538,22.754694835680752,10.822370602173468
TreasureIsland,NC_010465.1,100.0,16.455544455544455,21.345827786296915
TreasureIsland,NC_010473.1,55.99277912510713,4.549185185185185,14.404188353861613
TreasureIsland,NC_010498.1,80.149457498024,6.231508379888268,17.658470965823657
TreasureIsland,NC_010501.1,98.58987116371635,9.190276647681042,42.56770915413563
TreasureIsland,NC_010515.1,62.89226347677489,9.4079883805374,42.84499477427969
TreasureIsland,NC_010551.1,39.89118989118989,2.2692179700499167,17.452751973743627
